ts,pnl,position
2024-02-18 00:00:00,4.351638282457103,0.08977633030320809
2024-02-18 01:00:00,7.932338327501317,0.16694387724931742
2024-02-18 02:00:00,11.3979729518251,0.30380012132376727
2024-02-18 03:00:00,8.81197174476847,0.202086268656541
2024-02-18 04:00:00,11.607065061192724,0.25216852552070923
2024-02-18 05:00:00,8.5632000806498,0.20843150814550193
2024-02-18 06:00:00,7.121580392934403,0.1795296055494203
2024-02-18 07:00:00,7.11903279937895,0.18850874617712035
2024-02-18 08:00:00,4.408849948776526,0.109642882514151
2024-02-18 09:00:00,1.2422648940626608,0.02660836836941035
2024-02-18 10:00:00,-0.16038445509297553,0.00228415824161125
2024-02-18 11:00:00,4.737954345661139,0.05873036016586887
2024-02-18 12:00:00,3.3738769775536377,0.03833384815372317
2024-02-18 13:00:00,-9.062657950052474,0.1473914477865642
2024-02-18 14:00:00,14.600693262250072,0.17721223510152898
2024-02-18 15:00:00,16.403421880729546,0.2054647724686734
2024-02-18 16:00:00,13.272123654554237,0.28223548441369994
2024-02-18 17:00:00,10.127327942012359,0.2696163128164729
2024-02-18 18:00:00,10.471290295693505,0.27275377811709783
2024-02-18 19:00:00,5.696752736810991,0.16304853421136808
2024-02-18 20:00:00,2.839002831496367,0.10103572481214165
2024-02-18 21:00:00,4.611721496841565,0.14188602580812743
2024-02-18 22:00:00,6.634099160901734,0.18552250233232848
2024-02-18 23:00:00,-6.81885667281485,0.18344067235593595
2024-02-19 00:00:00,-7.259300590085768,0.1982169835918895
2024-02-19 01:00:00,-12.460812078361018,0.20654763179169253
2024-02-19 02:00:00,-16.416483445917756,0.22973933198871707
2024-02-19 03:00:00,-10.306145300714327,0.1912760583640676
2024-02-19 04:00:00,-13.61944528211212,0.2602358895980151
2024-02-19 05:00:00,33.4445596887572,0.26867200366929256
2024-02-19 06:00:00,5.424461537372861,0.08763548963412164
2024-02-19 07:00:00,6.881903515633185,0.10389660792344553
2024-02-19 08:00:00,0.9654207421491968,0.045083624831848204
2024-02-19 09:00:00,1.4906023637249421,0.05060608941520765
2024-02-19 10:00:00,1.841762500143806,-0.03890581761642211
2024-02-19 11:00:00,2.2062173137563863,-0.05244158102582331
2024-02-19 12:00:00,0.655639406384702,-0.021936543307839333
2024-02-19 13:00:00,0.9540395866790979,-0.04584304390366141
2024-02-19 14:00:00,-3.9545061589456965,0.13989833229368864
2024-02-19 15:00:00,-5.224726579972041,0.099122113070993
2024-02-19 16:00:00,-7.714601625419051,0.14094458071469904
2024-02-19 17:00:00,-7.287604495930754,0.16050931647535963
2024-02-19 18:00:00,10.23587033500274,0.2233881917680265
2024-02-19 19:00:00,-5.402471588847861,0.11998826404992476
2024-02-19 20:00:00,8.544245206854598,0.10675902698705032
2024-02-19 21:00:00,7.713041016043562,0.138716274590284
2024-02-19 22:00:00,1.9107479814917814,0.04723144188584306
2024-02-19 23:00:00,3.7849519041318587,0.10177064085751548
2024-02-20 00:00:00,-3.613248519548217,0.10250350410065863
2024-02-20 01:00:00,4.136374043248036,0.08301804401902732
2024-02-20 02:00:00,11.85613839025741,0.15719943238961842
2024-02-20 03:00:00,-0.147482566399706,-0.002030293723925965
2024-02-20 04:00:00,0.0,0.07982166360836794
2024-02-20 05:00:00,7.981025977156263,0.13248092722663032
2024-02-20 06:00:00,3.990624866925,0.10006832836643349
2024-02-20 07:00:00,3.9676848052040885,0.0708844250045394
2024-02-20 08:00:00,3.420355681626235,0.1299379129136586
2024-02-20 09:00:00,-4.894817870858969,0.08104942411966568
2024-02-20 10:00:00,-1.1108937661605243,0.018894036433779925
2024-02-20 11:00:00,1.434158887606983,-0.024530632314022017
2024-02-20 12:00:00,0.11322429073838616,-0.007368015275485533
2024-02-20 13:00:00,-1.4309360348091331,0.04510152345980184
2024-02-20 14:00:00,-3.4970026063745134,0.07702139960739407
2024-02-20 15:00:00,-6.2110882127679465,0.12732075134304874
2024-02-20 16:00:00,-6.8092522683492565,0.15355174807417424
2024-02-20 17:00:00,-8.282348575041713,0.2226018914462793
2024-02-20 18:00:00,-9.995721431620227,0.20854397846112593
2024-02-20 19:00:00,-5.088531412272468,0.11606786825739532
2024-02-20 20:00:00,5.665155195386533,0.10085551610949661
2024-02-20 21:00:00,-3.948521244159593,0.0963429934647568
2024-02-20 22:00:00,0.411294621813761,0.0076210832681174205
2024-02-20 23:00:00,-13.441862820052016,0.09634155529949913
2024-02-21 00:00:00,-1.4249702163751683,0.04070296827601954
2024-02-21 01:00:00,2.781273191748913,0.04870198906893802
2024-02-21 02:00:00,0.3866909832708329,0.12031455608924488
2024-02-21 03:00:00,4.1980301488143095,0.06402364112878313
2024-02-21 04:00:00,1.150049493763715,0.04296841000424864
2024-02-21 05:00:00,5.035236581032801,0.08605182658906928
2024-02-21 06:00:00,1.6383097306660082,0.03446243569839518
2024-02-21 07:00:00,2.1209436558510326,0.03486673772564577
2024-02-21 08:00:00,0.8253811844487342,0.013504936178947496
2024-02-21 09:00:00,3.557948998749033,-0.09744601771332803
2024-02-21 10:00:00,8.483977427402598,-0.58953355759868
2024-02-21 11:00:00,21.667086402168422,-0.6514653598174456
2024-02-21 12:00:00,25.624807160227444,-0.7446976304408365
2024-02-21 13:00:00,16.39120889214029,-0.4289208136108934
2024-02-21 14:00:00,-10.21716149024936,-0.21038116936578524
2024-02-21 15:00:00,-4.032025102867619,-0.08935433700176446
2024-02-21 16:00:00,-6.079171421523247,-0.08424105400924625
2024-02-21 17:00:00,12.340611025379154,0.26208106325268454
2024-02-21 18:00:00,19.537099295201134,0.48447897870359397
2024-02-21 19:00:00,21.462620406590347,0.535099604797416
2024-02-21 20:00:00,25.486326880436522,0.334103234562298
2024-02-21 21:00:00,0.5650728730476225,0.007906766382353008
2024-02-21 22:00:00,14.005585330916416,0.25617473900564114
2024-02-21 23:00:00,3.7359925821158635,0.069602663799759
2024-02-22 00:00:00,-6.349541846162997,0.12202704518464787
2024-02-22 01:00:00,13.78469303405938,-0.38536311698077075
2024-02-22 02:00:00,-5.499171990975869,0.2414247076554513
2024-02-22 03:00:00,-11.555985712445063,0.23721461159333576
2024-02-22 04:00:00,-9.604861661660367,0.168633559732085
2024-02-22 05:00:00,13.027845898267778,0.18448858471547205
2024-02-22 06:00:00,3.0308935068446203,0.06489302245631441
2024-02-22 07:00:00,3.1898272354848602,0.08421810437445293
2024-02-22 08:00:00,0.851907064189316,0.06344287092356068
2024-02-22 09:00:00,0.0746598795020903,0.010324858735083885
2024-02-22 10:00:00,-23.13994091780604,-0.3924388494729627
2024-02-22 11:00:00,-25.75057609064692,-0.4730626879582413
2024-02-22 12:00:00,-32.264323389211704,-0.5197930416547455
2024-02-22 13:00:00,-17.511530379700865,-0.26223506247643674
2024-02-22 14:00:00,-3.834353147982897,-0.055583764193217367
2024-02-22 15:00:00,-4.997130290011777,-0.08938169388313494
2024-02-22 16:00:00,-21.910086905404256,-0.3681253890487627
2024-02-22 17:00:00,13.843133920609008,0.2977722454905248
2024-02-22 18:00:00,15.823260851391728,0.4610507241081507
2024-02-22 19:00:00,6.632573580186167,0.17314712003827515
2024-02-22 20:00:00,14.503561935222928,0.3349243011089722
2024-02-22 21:00:00,4.543773665108494,0.09567047764156512
2024-02-22 22:00:00,-15.592709388575514,-0.31777108538131016
2024-02-22 23:00:00,7.9549084660185585,-0.16056898118805377
2024-02-23 00:00:00,-4.007499457788951,-0.061873727520711325
2024-02-23 01:00:00,-0.0,-0.0744812491132746
2024-02-23 02:00:00,-5.084576317492367,-0.0647502268992737
2024-02-23 03:00:00,0.4404935650799372,-0.012295359936357315
2024-02-23 04:00:00,6.187731287977388,-0.15533013575603444
2024-02-23 05:00:00,12.223179978783138,0.1717462410957305
2024-02-23 06:00:00,8.860765126292186,0.1693765555356537
2024-02-23 07:00:00,6.893059855425844,0.11575830613508399
2024-02-23 08:00:00,3.239984215052288,0.048655717300680114
2024-02-23 09:00:00,12.143140857757329,0.17434248831722657
2024-02-23 10:00:00,-28.406937782151136,-0.3922795289783882
2024-02-23 11:00:00,-51.84038286466823,-0.723804689011573
2024-02-23 12:00:00,-36.809924864477125,-0.5945555153733881
2024-02-23 13:00:00,-19.497014878905542,-0.3276887428053836
2024-02-23 14:00:00,-0.2687181501264773,-0.004725234814882085
2024-02-23 15:00:00,19.98571189366432,0.33905119759889246
2024-02-23 16:00:00,24.28770402351266,0.41093859911531827
2024-02-23 17:00:00,22.103395606341238,0.39056766042339575
2024-02-23 18:00:00,23.303413339027202,0.5026837512193624
2024-02-23 19:00:00,15.642866986765902,0.3431205743971463
2024-02-23 20:00:00,14.595815841541523,0.27675564272249237
2024-02-23 21:00:00,-6.2669202105081725,-0.13358315663785164
2024-02-23 22:00:00,-25.554968408540763,-0.5130798564165833
2024-02-23 23:00:00,-71.72809305580019,-0.9639317993845103
2024-02-24 00:00:00,15.22051406504863,-0.38437146062658084
2024-02-24 01:00:00,3.927002355456011,-0.07772856093297992
2024-02-24 02:00:00,27.282414685523005,0.2846187477625084
2024-02-24 03:00:00,-11.914700147471384,0.28484986486256536
2024-02-24 04:00:00,-20.426377113609878,0.4694100221443152
2024-02-24 05:00:00,21.989822008218834,0.326185893469092
2024-02-24 06:00:00,5.613180109416317,0.09687417133072702
2024-02-24 07:00:00,13.654680101823134,0.23180457172143978
2024-02-24 08:00:00,7.928058268858137,0.12061996301793153
2024-02-24 09:00:00,4.559764546310563,0.079935917295547
2024-02-24 10:00:00,6.783575185604761,0.11827698119558526
2024-02-24 11:00:00,-38.394773042598835,-0.5485147803799102
2024-02-24 12:00:00,-18.265132644297505,-0.2369308902880769
2024-02-24 13:00:00,-21.34961006404995,-0.27548527345025675
2024-02-24 14:00:00,6.95168685444276,0.08556032852661799
2024-02-24 15:00:00,9.478109780059926,0.12146341575389584
2024-02-24 16:00:00,4.378935491520185,0.09442041295297635
2024-02-24 17:00:00,18.733090495948645,0.4073562201480558
2024-02-24 18:00:00,11.035135500473281,0.3690187098874158
2024-02-24 19:00:00,9.027834672564216,0.2993313883476199
2024-02-24 20:00:00,1.6942723100878205,0.03354064833685356
2024-02-24 21:00:00,-17.082303683347945,-0.30758973788799965
2024-02-24 22:00:00,13.122333948337111,-0.6723195997713449
2024-02-24 23:00:00,-31.979384181337963,-0.6235864551866693
2024-02-25 00:00:00,-3.3153332719127087,-0.09028193649345645
2024-02-25 01:00:00,-0.03654130063750566,-0.016276748613588337
2024-02-25 02:00:00,-4.216329146692619,-0.1032123851727649
2024-02-25 03:00:00,11.718689714017714,0.40416243193715184
2024-02-25 04:00:00,20.550942917615455,0.34598129459444527
2024-02-25 05:00:00,0.0,0.33384780389400714
2024-02-25 06:00:00,26.05376336018856,0.4402609645508223
2024-02-25 07:00:00,8.103712373463788,0.16529754968819554
2024-02-25 08:00:00,4.164647460007191,0.08422276856510257
2024-02-25 09:00:00,-13.490580660193702,0.29292961871267864
2024-02-25 10:00:00,14.02399500294672,-0.2630107275359937
2024-02-25 11:00:00,8.332246882733463,-0.20771418663642283
2024-02-25 12:00:00,-0.4347385024173203,-0.006671349687981589
2024-02-25 13:00:00,10.470982166827493,-0.253228105606469
2024-02-25 14:00:00,18.65687457680362,-0.37786840395357113
2024-02-25 15:00:00,10.488411205653714,-0.15663462621008817
2024-02-25 16:00:00,-13.336664137942565,0.23230911421132086
2024-02-25 17:00:00,-82.8040670448705,0.4423790438290112
2024-02-25 18:00:00,45.07432576496682,0.662135322726085
2024-02-25 19:00:00,28.92494414007699,0.5164615244808948
2024-02-25 20:00:00,36.04391744925384,0.5264345015080599
2024-02-25 21:00:00,0.04879902923012426,0.0005916468141382669
2024-02-25 22:00:00,-0.8786167015000808,-0.008841870801047405
2024-02-25 23:00:00,2.745693204904163,0.039882825008775824
2024-02-26 00:00:00,-5.668658182097635,-0.06330513353171742
2024-02-26 01:00:00,-10.618745569090594,-0.1318280020992004
2024-02-26 02:00:00,-1.4147210947624016,-0.01921679314799714
2024-02-26 03:00:00,18.392713032644927,0.24980595741626732
2024-02-26 04:00:00,21.194043643228913,0.3046653294505701
2024-02-26 05:00:00,379.6465015251462,0.3698917171601975
2024-02-26 06:00:00,13.775282683460986,0.29377242292680866
2024-02-26 07:00:00,13.810383799700617,0.1626669165264007
2024-02-26 08:00:00,1.3335796896995233,0.041191256228883165
2024-02-26 09:00:00,1.2435591022200352,0.017053228395300078
2024-02-26 10:00:00,-10.980477904126406,-0.23217574524803467
2024-02-26 11:00:00,-8.009725796413337,-0.16756955360773984
2024-02-26 12:00:00,-10.525844287561691,-0.23180594361261644
2024-02-26 13:00:00,-0.7246059722707059,-0.015221768846356688
2024-02-26 14:00:00,-1.8015675467897878,-0.035263709352387373
2024-02-26 15:00:00,-3.065695856368993,-0.05353926613487073
2024-02-26 16:00:00,-8.39059005122472,-0.1564792892353497
2024-02-26 17:00:00,9.533523912347933,0.18103575534737154
2024-02-26 18:00:00,18.871067720919594,0.3230406854326583
2024-02-26 19:00:00,18.43960817288393,0.3129069773100955
2024-02-26 20:00:00,9.211715041323279,0.18952976238757438
2024-02-26 21:00:00,4.155165473421065,0.08087126262010638
2024-02-26 22:00:00,3.6143806861343535,0.07987758151858279
2024-02-26 23:00:00,7.110130761243392,0.11268036071701097
2024-02-27 00:00:00,9.08425894524498,0.16825194371842087
2024-02-27 01:00:00,12.243671433569952,0.27896266652016294
2024-02-27 02:00:00,15.785873769432197,0.236276567772256
2024-02-27 03:00:00,-5.074072910390156,0.4072289655208793
2024-02-27 04:00:00,15.311683415910872,0.2846725680166373
2024-02-27 05:00:00,-3.951023981424821,0.09619984858963311
2024-02-27 06:00:00,5.567362934939336,0.09525815612865662
2024-02-27 07:00:00,0.6227167758845135,0.011541613203911723
2024-02-27 08:00:00,3.503935295853802,0.06802569057550725
2024-02-27 09:00:00,0.3956530347176567,0.006508414645550439
2024-02-27 10:00:00,-13.836515151566122,-0.26844251616427317
2024-02-27 11:00:00,-4.575590336604886,-0.10753256786144931
2024-02-27 12:00:00,-0.7603129240715236,-0.015965829633057243
2024-02-27 13:00:00,-0.7543659857783445,-0.01625898440516234
2024-02-27 14:00:00,-4.343703998828143,-0.08478520980554179
2024-02-27 15:00:00,-7.329685736950399,-0.17685058638135157
2024-02-27 16:00:00,-7.3938811720361945,-0.18790313282901924
2024-02-27 17:00:00,1.203779127883693,0.030601701397760205
2024-02-27 18:00:00,10.505534360519537,0.33113129438232375
2024-02-27 19:00:00,9.634014021668657,0.24508417974684307
2024-02-27 20:00:00,7.6704376922356925,0.1746973760957408
2024-02-27 21:00:00,8.809888156032342,0.15471687253753538
2024-02-27 22:00:00,-13.471240388393317,-0.3076819858939158
2024-02-27 23:00:00,25.2920246132407,-0.4158436167317325
2024-02-28 00:00:00,11.49401923529308,-0.28894691257430005
2024-02-28 01:00:00,10.466631530920196,-0.2892213526463897
2024-02-28 02:00:00,3.6176894805531727,-0.0971217879823129
2024-02-28 03:00:00,2.1497163636755063,-0.04480629379456222
2024-02-28 04:00:00,-8.798528371562178,0.1860389980031754
2024-02-28 05:00:00,-6.226361123454484,0.22603044167600173
2024-02-28 06:00:00,-14.409524330396493,0.189118742278116
2024-02-28 07:00:00,-7.780817028785393,0.24314088249576954
2024-02-28 08:00:00,-3.921275396992748,0.10683527155375548
2024-02-28 09:00:00,10.710778752078673,0.18585483367164796
2024-02-28 10:00:00,-4.697143353931032,-0.07699863898249873
2024-02-28 11:00:00,-4.821446372861067,-0.09909833942634891
2024-02-28 12:00:00,-0.657639117891551,-0.013835841236676244
2024-02-28 13:00:00,0.49958289966032365,-0.04819367843030673
2024-02-28 14:00:00,5.291779164892666,0.12730712694394253
2024-02-28 15:00:00,-2.5814993817291367,0.12659820186516665
2024-02-28 16:00:00,-6.4155563776156095,0.3031175823007727
2024-02-28 17:00:00,-9.942481864874393,0.20903376219145559
2024-02-28 18:00:00,21.41123813366695,0.4181682347947598
2024-02-28 19:00:00,11.881620915864016,0.22320448068575324
2024-02-28 20:00:00,8.548417289024075,0.15640400484894748
2024-02-28 21:00:00,16.445920004627077,0.22468024652140217
2024-02-28 22:00:00,5.616583278001129,-0.1413972931373327
2024-02-28 23:00:00,1.6172703900254457,-0.06319437285188517
2024-02-29 00:00:00,2.622920159920353,-0.042814099210295824
2024-02-29 01:00:00,8.624599265349316,-0.1746754281589735
2024-02-29 02:00:00,10.635222550413166,-0.21843621735156848
2024-02-29 03:00:00,-17.84438633240643,0.3667085482796047
2024-02-29 04:00:00,-21.440029547552122,0.41231618968734246
2024-02-29 05:00:00,-31.93265520880244,0.4815879953670418
2024-02-29 06:00:00,-12.788783409420748,0.3247780026264252
2024-02-29 07:00:00,20.14009006559841,0.2259352045141788
2024-02-29 08:00:00,-0.666543073976048,0.02814055410198796
2024-02-29 09:00:00,6.352755595833879,0.08827685503632204
2024-02-29 10:00:00,-8.330188677566394,-0.11640519657872045
2024-02-29 11:00:00,-8.642530436669015,-0.12205481306887883
2024-02-29 12:00:00,-1.55560439359762,-0.021986719719550258
2024-02-29 13:00:00,-6.9551158510684745,-0.0998681253114954
2024-02-29 14:00:00,-3.6454814264394226,-0.05613787653514773
2024-02-29 15:00:00,-1.5540600305820973,-0.02566022209240126
2024-02-29 16:00:00,-0.42764137949151027,0.014275650270113174
2024-02-29 17:00:00,-0.7952928610976121,0.02781716897858034
2024-02-29 18:00:00,12.687043086463309,0.26217232365811105
2024-02-29 19:00:00,22.84088770889672,0.3800290785634114
2024-02-29 20:00:00,4.573994718317624,0.0645661432246072
2024-02-29 21:00:00,4.320716641408739,0.07022358343207546
2024-02-29 22:00:00,-2.1271728703337867,0.10364319188919249
2024-02-29 23:00:00,-33.59333442650852,0.11966634402532202
2024-03-01 00:00:00,-0.7214658674370915,0.035627944070967484
2024-03-01 01:00:00,3.3451055391664313,0.07281149142759198
2024-03-01 02:00:00,-5.411613869668509,0.14272639175199148
2024-03-01 03:00:00,-5.139782998980772,0.1251164313286459
2024-03-01 04:00:00,-3.48208492466312,0.1591810251274569
2024-03-01 05:00:00,-2.8617686390866037,0.0428626642166163
2024-03-01 06:00:00,-3.7344010367933986,0.07576694198980277
2024-03-01 07:00:00,-6.881694930674408,0.086411116797981
2024-03-01 08:00:00,-1.5879779459415648,0.031987952902555544
2024-03-01 09:00:00,-4.586280403340852,0.05982469024211281
2024-03-01 10:00:00,9.098869842643678,-0.32543616877011616
2024-03-01 11:00:00,8.556882231969935,-0.34681158480808716
2024-03-01 12:00:00,6.357926449434702,-0.2783802464834144
2024-03-01 13:00:00,3.7667811942689653,-0.15692960022784508
2024-03-01 14:00:00,3.3220515310066365,-0.1287467166998658
2024-03-01 15:00:00,0.14068762059724313,-0.0031899061445048774
2024-03-01 16:00:00,0.8577695766965788,-0.013858463150441536
2024-03-01 17:00:00,8.937367914020204,-0.101366329594531
2024-03-01 18:00:00,-2.4408635722902323,0.05142882729588992
2024-03-01 19:00:00,-5.294083552692785,0.10871477817304528
2024-03-01 20:00:00,-1.2487679910862235,0.02288923494851666
2024-03-01 21:00:00,2.0169397144600283,0.05084679240829982
2024-03-01 22:00:00,4.880400698664742,0.12080498771416971
2024-03-01 23:00:00,-0.7774205023566189,0.024234561624633524
2024-03-02 00:00:00,4.818902939053897,-0.12954040158747038
2024-03-02 01:00:00,-15.85332985431139,-0.26472072159753185
2024-03-02 02:00:00,8.548835165563963,-0.15457723361201944
2024-03-02 03:00:00,-2.767634166590415,-0.05345812730028615
2024-03-02 04:00:00,1.0386547468903453,0.06974113656686667
2024-03-02 05:00:00,7.013099208813631,0.13041560592865886
2024-03-02 06:00:00,-5.537153591715843,0.17641550934195188
2024-03-02 07:00:00,-2.2614528060558268,0.053263290924109155
2024-03-02 08:00:00,-0.639776416615998,0.020135851717370035
2024-03-02 09:00:00,0.9649765538505315,0.018098513707388336
2024-03-02 10:00:00,-17.065807032332334,-0.3717878748710803
2024-03-02 11:00:00,-11.687924856427905,-0.2125966287070576
2024-03-02 12:00:00,-16.399543876601022,-0.2887040327547536
2024-03-02 13:00:00,4.318236170638182,-0.07666233792497838
2024-03-02 14:00:00,8.13863339425329,-0.14641779966273796
2024-03-02 15:00:00,1.403966670059096,-0.020584210627497525
2024-03-02 16:00:00,-1.3731365465993706,-0.02513659081771597
2024-03-02 17:00:00,0.984938769217087,0.020756090641626177
2024-03-02 18:00:00,15.191289627885345,0.2771071236913837
2024-03-02 19:00:00,12.934973432941822,0.28771238562529067
2024-03-02 20:00:00,19.006923717768572,0.27476579281197794
2024-03-02 21:00:00,-23.610114799836253,0.3780521808722899
2024-03-02 22:00:00,23.416641493545942,0.46580814969954715
2024-03-02 23:00:00,20.965019853082715,0.37029549169123616
2024-03-03 00:00:00,14.32705653028443,0.28742640392979235
2024-03-03 01:00:00,13.16066704631808,0.2521925274756746
2024-03-03 02:00:00,20.551865733259277,0.279750435353696
2024-03-03 03:00:00,22.933531407849966,0.30532446756643367
2024-03-03 04:00:00,13.66803051584649,0.1810814853715751
2024-03-03 05:00:00,12.280485098603489,0.15169145470562753
2024-03-03 06:00:00,2.2398593328224283,0.03467811321911175
2024-03-03 07:00:00,2.045650371234829,0.0313711564721327
2024-03-03 08:00:00,7.570592808794038,0.1011894889969263
2024-03-03 09:00:00,10.248564886435897,0.1292900651768166
2024-03-03 10:00:00,19.49390194732116,-0.29942710044423015
2024-03-03 11:00:00,20.609354052493313,-0.34045447971842513
2024-03-03 12:00:00,14.581109355092362,-0.2807623012880264
2024-03-03 13:00:00,0.45546465735449493,-0.014674893106759509
2024-03-03 14:00:00,-19.805364251550483,-0.19666969752101918
2024-03-03 15:00:00,306.87692388556474,-0.06743803736061753
2024-03-03 16:00:00,-1.4239251224392762,-0.019981829085183707
2024-03-03 17:00:00,-0.19535739660806065,-0.002755393464147541
2024-03-03 18:00:00,0.6537702790764027,0.011910770447200767
2024-03-03 19:00:00,0.5194321472212674,0.009751847314770816
2024-03-03 20:00:00,0.7492044031802401,0.013488727709706718
2024-03-03 21:00:00,0.9776429700934156,0.016449774029031763
2024-03-03 22:00:00,0.3302782679502403,0.006097519993173583
2024-03-03 23:00:00,0.9063332452855816,0.012527932065596539
2024-03-04 00:00:00,0.5469636921681459,0.010009728421301493
2024-03-04 01:00:00,1.9262117752469077,0.030593243150581425
2024-03-04 02:00:00,2.419026572281214,0.037619771893272584
2024-03-04 03:00:00,1.6212869296002508,0.02665888795054345
2024-03-04 04:00:00,-0.29589074982665714,0.02629906229016594
2024-03-04 05:00:00,1.5457595273783966,0.022731724326558293
2024-03-04 06:00:00,0.11724351598623263,0.0022319344372022203
2024-03-04 07:00:00,0.7141120936994638,0.011619852472182451
2024-03-04 08:00:00,0.40338977885360006,0.008132046879466667
2024-03-04 09:00:00,0.03971730116009421,0.0008113022400182659
2024-03-04 10:00:00,-0.6063907520941114,-0.011596724489142755
2024-03-04 11:00:00,-1.959932265893118,-0.038604141538174465
2024-03-04 12:00:00,0.4007814525671007,-0.009872680196258175
2024-03-04 13:00:00,0.24485843026210413,-0.0039957315643293755
2024-03-04 14:00:00,-0.0,-0.00968927550750118
2024-03-04 15:00:00,-1.1613111392550715,0.0572666866835185
2024-03-04 16:00:00,-1.1950289633909277,0.057332036240209557
2024-03-04 17:00:00,-2.1138034536313723,0.08048598612616122
2024-03-04 18:00:00,7.312917775555734,0.10131293755068105
2024-03-04 19:00:00,4.296466732807313,0.07962022780488703
2024-03-04 20:00:00,2.9475610184423293,0.053462735901226646
2024-03-04 21:00:00,-1.3085129934078863,0.043262348522379375
2024-03-04 22:00:00,-0.6647953530882914,0.023382763641387617
2024-03-04 23:00:00,1.2766459701927837,0.03703321353502114
2024-03-05 00:00:00,2.406455646719251,0.05529793755961328
2024-03-05 01:00:00,2.3154817354978294,0.050598350935226376
2024-03-05 02:00:00,-0.18388333222700523,0.02087448430321324
2024-03-05 03:00:00,-0.18067451370449433,0.01893267459965362
2024-03-05 04:00:00,2.33035267984788,0.05359720048409302
2024-03-05 05:00:00,2.2967574688816654,0.04828468200394528
2024-03-05 06:00:00,3.798879604770938,0.0603878617150591
2024-03-05 07:00:00,3.051644863603767,0.04675319153870628
2024-03-05 08:00:00,-0.0015070199852123749,3.844381856626547e-05
2024-03-05 09:00:00,-0.07069126386353247,0.008795191516696435
2024-03-05 10:00:00,1.027164136609138,-0.036267960686062445
2024-03-05 11:00:00,0.35447560797278005,-0.030985873837537155
2024-03-05 12:00:00,0.2730255058411036,-0.013926249080142589
2024-03-05 13:00:00,-0.24254663341615829,0.012666599476939122
2024-03-05 14:00:00,0.36385574887636973,-0.023445975479986964
2024-03-05 15:00:00,-0.6248292764380625,0.05926422814881592
2024-03-05 16:00:00,-2.6577864653180994,0.06007654758856463
2024-03-05 17:00:00,-2.107998144678288,0.09291656652172117
2024-03-05 18:00:00,-4.811529058581686,0.09422915394190759
2024-03-05 19:00:00,2.0370508919182777,0.08029052429617582
2024-03-05 20:00:00,4.209484979511261,0.022969484986302354
2024-03-05 21:00:00,2.238907298593068,0.031685639663077664
2024-03-05 22:00:00,-2.3204493137780378,0.044402864841999234
2024-03-05 23:00:00,-1.976471840755876,0.06524301316286645
2024-03-06 00:00:00,2.3549062382330774,0.06297214242788206
2024-03-06 01:00:00,-5.872186631010379,0.09614714090888873
2024-03-06 02:00:00,-2.5673471135463513,0.12314596668967534
2024-03-06 03:00:00,-1.7091846463187275,0.13661455090070554
2024-03-06 04:00:00,-1.9594236851301894,0.12678250955226067
2024-03-06 05:00:00,-5.5572901946072175,0.12416860744050444
2024-03-06 06:00:00,-7.929198887603182,0.11085137547327249
2024-03-06 07:00:00,-2.222692271967896,0.09309315932182508
2024-03-06 08:00:00,2.3686815001226837,0.061574798096999284
2024-03-06 09:00:00,0.833157404839394,0.01830994852952287
2024-03-06 10:00:00,1.7172213302471264,0.030597336080748137
2024-03-06 11:00:00,-1.4975392935888308,-0.025179815205835687
2024-03-06 12:00:00,-0.7734741065693548,-0.013554991410550617
2024-03-06 13:00:00,0.5962242914831406,-0.016215133348757495
2024-03-06 14:00:00,0.44197097369400756,-0.017484536787349837
2024-03-06 15:00:00,-0.8419254184261886,0.02087719818124622
2024-03-06 16:00:00,-0.4116325366208586,0.01427891413281735
2024-03-06 17:00:00,-0.9681334181834302,0.049523424123148495
2024-03-06 18:00:00,3.686577137107549,0.09192542232963169
2024-03-06 19:00:00,5.9192523444287035,0.11395449608094685
2024-03-06 20:00:00,7.763826197862471,0.08923220198216777
2024-03-06 21:00:00,6.689645550604102,0.08295177073103233
2024-03-06 22:00:00,6.6774695551319025,0.12314374467739794
2024-03-06 23:00:00,4.919949012546041,0.11417314147744455
2024-03-07 00:00:00,4.194509134867298,0.08471702082055457
2024-03-07 01:00:00,3.2300838649192545,0.06949106890665752
2024-03-07 02:00:00,2.719645759290738,0.0524309490715571
2024-03-07 03:00:00,0.6886983499147319,0.012246574256965856
2024-03-07 04:00:00,1.197077570368544,0.030342633335915643
2024-03-07 05:00:00,0.21415329726985266,0.00356583407878936
2024-03-07 06:00:00,1.4689840075030336,0.025932705001289306
2024-03-07 07:00:00,1.881858854219457,0.032495902812685704
2024-03-07 08:00:00,1.0919222171792862,0.02329583156637836
2024-03-07 09:00:00,0.2193646925154075,0.0057284350685592395
2024-03-07 10:00:00,-1.5336672221704872,-0.07192548994843538
2024-03-07 11:00:00,-2.415318372310517,-0.04928315967088733
2024-03-07 12:00:00,-2.9852162901540056,-0.04958172153458023
2024-03-07 13:00:00,-2.663896651802853,-0.04766832459743134
2024-03-07 14:00:00,-1.9911664091035164,-0.0387401534904766
2024-03-07 15:00:00,0.4639983580885719,-0.026239798568601015
2024-03-07 16:00:00,0.07689816338022445,-0.005340521104258938
2024-03-07 17:00:00,-0.19497645621803023,0.007057715782886781
2024-03-07 18:00:00,-2.5204884232619933,0.04579458971387549
2024-03-07 19:00:00,1.7958944478604613,0.04002706773041348
2024-03-07 20:00:00,-1.0141245767980338,0.024993212164778046
2024-03-07 21:00:00,1.0395386410711436,0.008064065170049985
2024-03-07 22:00:00,1.7838557028361448,0.028553569530302927
2024-03-07 23:00:00,0.9672664137741873,0.022402872284931156
2024-03-08 00:00:00,-0.02494703921718102,0.0012773701596098831
2024-03-08 01:00:00,-0.06603247414626127,-0.0013218920614630006
2024-03-08 02:00:00,0.24008639204897805,-0.00959616259838435
2024-03-08 03:00:00,-0.6737907645146708,0.04161771244686046
2024-03-08 04:00:00,-0.39858233484207334,0.04775156761016816
2024-03-08 05:00:00,-1.1837969408077895,0.02638987339622341
2024-03-08 06:00:00,-1.3320975486474702,0.03446565455750246
2024-03-08 07:00:00,-2.697576073988337,0.05734399204940983
2024-03-08 08:00:00,-2.0634874587498144,0.02935343052078031
2024-03-08 09:00:00,-0.2199052234544312,0.004737192724293557
2024-03-08 10:00:00,3.0730294474723174,-0.05010646416879695
2024-03-08 11:00:00,-2.2069600112885674,-0.04885681420544956
2024-03-08 12:00:00,-1.1002406634405402,-0.020640477693284684
2024-03-08 13:00:00,-1.1942293779137305,-0.02130384033954244
2024-03-08 14:00:00,-0.03790260427128425,-0.0007878812703200005
2024-03-08 15:00:00,-0.5155606706387289,-0.007816262441460413
2024-03-08 16:00:00,-0.8878750566468671,-0.022543482458978477
2024-03-08 17:00:00,1.8408401181129985,0.03030239375319756
2024-03-08 18:00:00,2.2728185904862723,0.06714779574823544
2024-03-08 19:00:00,1.0825993376178646,0.0440887533136984
2024-03-08 20:00:00,2.333664192333421,0.06573970464521568
2024-03-08 21:00:00,3.5012733520161046,0.05776820855015104
2024-03-08 22:00:00,3.5665532372797992,0.0857901339157578
2024-03-08 23:00:00,3.687183629626656,0.08642781936211749
2024-03-09 00:00:00,4.317301006348316,0.09341572196530022
2024-03-09 01:00:00,3.9616176698234185,0.09067146548163091
2024-03-09 02:00:00,5.771845325491216,0.10880420233545499
2024-03-09 03:00:00,4.801567087109427,0.08742361282357895
2024-03-09 04:00:00,3.60612893386949,0.06259988428062165
2024-03-09 05:00:00,2.677297576298696,0.05402024931495927
2024-03-09 06:00:00,5.283424001781851,0.07841118418815173
2024-03-09 07:00:00,3.9945800453496405,0.08236757006308927
2024-03-09 08:00:00,2.016930496428302,0.03801942500336101
2024-03-09 09:00:00,2.280598537723005,0.04449253848614859
2024-03-09 10:00:00,0.1583910340670891,0.002741752363979385
2024-03-09 11:00:00,0.2332894146888667,0.004001808266242395
2024-03-09 12:00:00,-0.7542978068622833,0.0147800099316603
2024-03-09 13:00:00,-0.8903184059162245,0.022590033642449617
2024-03-09 14:00:00,1.4660641726196062,0.03018642643399028
2024-03-09 15:00:00,2.7816809196050096,0.04803040524225175
2024-03-09 16:00:00,-2.456439081589604,0.05206636600160249
2024-03-09 17:00:00,2.6386602790734,0.042808291488723046
2024-03-09 18:00:00,4.686255390547569,0.08312500692755016
2024-03-09 19:00:00,3.344664179990163,0.07219686532670286
2024-03-09 20:00:00,4.360541940524376,0.07674578373973699
2024-03-09 21:00:00,2.487995522432748,0.042954982172834506
2024-03-09 22:00:00,1.0618383410582788,0.019797120237494945
2024-03-09 23:00:00,2.0870874651176687,0.0387257851545194
2024-03-10 00:00:00,0.14588944776316987,0.0032116554268171674
2024-03-10 01:00:00,-0.19049714729975106,-0.0042739196648064045
2024-03-10 02:00:00,1.1225204790159435,0.023995734908421194
2024-03-10 03:00:00,-0.42580656858350696,0.012109850650802202
2024-03-10 04:00:00,0.21325789609207502,-0.005876977873400254
2024-03-10 05:00:00,-0.5236321940202869,-0.012441069971258214
2024-03-10 06:00:00,0.2389595086795335,0.00475977031072292
2024-03-10 07:00:00,2.2401034796844916,0.04501815674607098
2024-03-10 08:00:00,1.1772497734581475,0.021691660035711744
2024-03-10 09:00:00,1.2850224955988196,0.017711744619015597
2024-03-10 10:00:00,2.6455132558980727,0.033974767949170676
2024-03-10 11:00:00,0.25579583826884517,0.0025651266290533416
2024-03-10 12:00:00,-3.3935132447023846,-0.031127860153507724
2024-03-10 13:00:00,-2.6579775217355186,-0.021749301113564785
2024-03-10 14:00:00,-0.0194553755480732,-0.00015638264424943927
2024-03-10 15:00:00,-0.12257056919205397,0.0035312754016725433
2024-03-10 16:00:00,-10.618130572175192,0.13626439654755582
2024-03-10 17:00:00,-9.58490311956137,0.17527801769368317
2024-03-10 18:00:00,45.01695255391392,0.7250274207426947
2024-03-10 19:00:00,30.843405606538223,0.5951682767600914
2024-03-10 20:00:00,18.421130155065548,0.24411134286217628
2024-03-10 21:00:00,19.778622154946824,0.2588079630858499
2024-03-10 22:00:00,9.458825111195107,0.17868416788565644
2024-03-10 23:00:00,19.290502534235937,0.42211165282791985
2024-03-11 00:00:00,17.69076900492006,0.4476182633702762
2024-03-11 01:00:00,38.26608436893835,0.5939264053289411
2024-03-11 02:00:00,26.00389534112243,0.5152142839816618
2024-03-11 03:00:00,-23.21242452852223,0.47035368135442507
2024-03-11 04:00:00,22.79774010585988,0.4456339205180008
2024-03-11 05:00:00,36.82117507297326,0.6679335910347608
2024-03-11 06:00:00,70.14378467050511,0.6527371294749269
2024-03-11 07:00:00,-26.272944491691767,0.49544484134514644
2024-03-11 08:00:00,-10.812717032389171,0.13771881131009095
2024-03-11 09:00:00,-120.58906728978788,0.27336339384397806
2024-03-11 10:00:00,5.422132368632791,-0.1070573255796551
2024-03-11 11:00:00,3.0494944116771214,-0.05291978965455039
2024-03-11 12:00:00,0.6534036246159919,-0.008672546612900785
2024-03-11 13:00:00,-11.423560716722283,0.16718294850880777
2024-03-11 14:00:00,8.99366013287715,-0.16867389686642073
2024-03-11 15:00:00,-4.2354366027417,0.12307614483135514
2024-03-11 16:00:00,-12.49702839968389,0.2800203544709469
2024-03-11 17:00:00,-8.534074253738693,0.26824058631899084
2024-03-11 18:00:00,19.67148346149337,0.5199282003830676
2024-03-11 19:00:00,17.847605573202053,0.47347408338511887
2024-03-11 20:00:00,16.73711833114775,0.3501635702570768
2024-03-11 21:00:00,-9.119038766105396,0.2179033851730124
2024-03-11 22:00:00,-1.2368039127076929,0.04755474902751819
2024-03-11 23:00:00,6.605121589672785,-0.17961390084496617
2024-03-12 00:00:00,30.04835537195083,-0.3560105135119703
2024-03-12 01:00:00,15.603495717193018,-0.23602679993938827
2024-03-12 02:00:00,2.978362316370169,-0.05178499698108581
2024-03-12 03:00:00,-13.627803340572955,0.4093293887776095
2024-03-12 04:00:00,-20.438508553747287,0.5541594423769667
2024-03-12 05:00:00,-21.90388081755828,0.5289387075308079
2024-03-12 06:00:00,-113.94777022143798,0.40643956334602427
2024-03-12 07:00:00,-7.033304614646433,0.294764484226254
2024-03-12 08:00:00,-6.074641033381155,0.23696095641069553
2024-03-12 09:00:00,-4.7389392651309326,0.20301329157053227
2024-03-12 10:00:00,1.3771053781179514,-0.0729097432745221
2024-03-12 11:00:00,0.7637763315542115,-0.11373047388484116
2024-03-12 12:00:00,1.4375387801368402,-0.11931752879826964
2024-03-12 13:00:00,2.059857335663218,-0.0617795647137239
2024-03-12 14:00:00,2.704266807814242,-0.06228264104427002
2024-03-12 15:00:00,1.280215512727972,-0.02882750817849537
2024-03-12 16:00:00,-4.6105510193857,0.2198225237942889
2024-03-12 17:00:00,13.17669777608554,0.26261312884672267
2024-03-12 18:00:00,25.50487720552829,0.5862108030524087
2024-03-12 19:00:00,22.032108217247313,0.443144245383229
2024-03-12 20:00:00,34.96556765879081,0.49587406093615094
2024-03-12 21:00:00,46.03538747931107,0.5135069825576534
2024-03-12 22:00:00,-14.639664230898996,0.5756847908336217
2024-03-12 23:00:00,25.760500040673445,0.6415904968910724
2024-03-13 00:00:00,31.121834771635424,0.6821822137093755
2024-03-13 01:00:00,-22.052952232312208,0.4485771984929866
2024-03-13 02:00:00,-16.161219967376077,0.30949519260362474
2024-03-13 03:00:00,-3.390603522505658,0.06695107956688304
2024-03-13 04:00:00,-11.386171811325221,0.16630646040057287
2024-03-13 05:00:00,7.91415023058212,0.1845220384840784
2024-03-13 06:00:00,2.6541938096748443,0.04203331712209746
2024-03-13 07:00:00,6.875915082642645,0.10915363743023265
2024-03-13 08:00:00,0.9040876945063443,0.015045309522330201
2024-03-13 09:00:00,6.162352440050803,0.11613713348882988
2024-03-13 10:00:00,-19.817566828558057,-0.3334550458272293
2024-03-13 11:00:00,-28.012046761400505,-0.43505749237269176
2024-03-13 12:00:00,18.717701668541316,-0.2652171685234335
2024-03-13 13:00:00,7.601100237268339,-0.22620975648081482
2024-03-13 14:00:00,2.268744675801473,-0.08431800928388422
2024-03-13 15:00:00,3.417244878337108,-0.13352263815641416
2024-03-13 16:00:00,2.724357634353852,-0.09902433971917171
2024-03-13 17:00:00,-4.384005022956702,-0.11755570812100664
2024-03-13 18:00:00,3.1498950582783207,0.08789750692818174
2024-03-13 19:00:00,0.2470010245686141,0.008971741838967498
2024-03-13 20:00:00,-0.9167012846928443,0.02163460031843775
2024-03-13 21:00:00,15.871692411438373,0.29653966353601946
2024-03-13 22:00:00,14.854705977679066,-0.6839498124996118
2024-03-13 23:00:00,-23.61057235477121,-0.6834135797953922
2024-03-14 00:00:00,-21.827161907928875,-0.512663517191114
2024-03-14 01:00:00,-11.300428047032659,-0.29251470405447966
2024-03-14 02:00:00,-3.312829863188036,-0.10490278224154642
2024-03-14 03:00:00,-1.3691320108755243,-0.04747172465849048
2024-03-14 04:00:00,-2.5644066790404443,-0.08839428765090637
2024-03-14 05:00:00,-1.2949870510310404,-0.03445580701977012
2024-03-14 06:00:00,3.8645506519037207,0.0930880561701486
2024-03-14 07:00:00,8.139679603303003,-0.12840636698695382
2024-03-14 08:00:00,-3.4647528605861075,0.097336138740892
2024-03-14 09:00:00,8.030370019541206,-0.22421180532558646
2024-03-14 10:00:00,10.175570617663713,-0.3521689837912269
2024-03-14 11:00:00,8.606132253729417,-0.24073770605413908
2024-03-14 12:00:00,22.13814075558233,-0.3010763056654744
2024-03-14 13:00:00,11.411715845081584,-0.20082210022140934
2024-03-14 14:00:00,7.265803050833924,-0.13499689812407423
2024-03-14 15:00:00,1.3363755228989234,-0.040000464632252486
2024-03-14 16:00:00,0.6241040112228756,-0.013085689036940063
2024-03-14 17:00:00,3.6201243411430952,-0.10094278834956948
2024-03-14 18:00:00,-9.54725191245257,0.18185761331185782
2024-03-14 19:00:00,-1.186663364420485,0.02171824821868052
2024-03-14 20:00:00,-1.7123258111196995,0.024595258199919385
2024-03-14 21:00:00,-3.229535716131556,0.10249354455322597
2024-03-14 22:00:00,4.851386153490488,-0.17146948550844693
2024-03-14 23:00:00,4.571572498744593,-0.1408978764329838
2024-03-15 00:00:00,3.747284658415027,-0.11201974944442865
2024-03-15 01:00:00,-4.820881886065599,0.1792282655240389
2024-03-15 02:00:00,-4.058410500200742,0.14303776478344699
2024-03-15 03:00:00,0.09203365208771327,-0.03617675003447853
2024-03-15 04:00:00,1.225204341009086,-0.06804422642502977
2024-03-15 05:00:00,-9.05900840094758,0.16266557255117664
2024-03-15 06:00:00,-6.323218454197331,0.19401731932733982
2024-03-15 07:00:00,-4.242495225093509,0.14491870965306602
2024-03-15 08:00:00,-3.5149219877833437,0.10159614960208528
2024-03-15 09:00:00,-0.11485501307238968,0.003675007617585182
2024-03-15 10:00:00,-11.256467057692943,-0.28021376260717784
2024-03-15 11:00:00,2.991481556346025,-0.08832506292910995
2024-03-15 12:00:00,3.949607908395242,-0.09325141917711602
2024-03-15 13:00:00,3.933430313386621,-0.11296468447405575
2024-03-15 14:00:00,1.392895804138994,-0.05614025247426519
2024-03-15 15:00:00,0.2601332435259419,-0.013526766342152878
2024-03-15 16:00:00,1.319943322453945,-0.05124998339949309
2024-03-15 17:00:00,-6.320651755363581,0.25394342126812297
2024-03-15 18:00:00,18.68151333916438,0.5420744955217008
2024-03-15 19:00:00,28.66171668923875,0.5213211715243774
2024-03-15 20:00:00,-20.99336587147357,0.42528545411489516
2024-03-15 21:00:00,-11.688845322080986,0.38226323899800474
2024-03-15 22:00:00,-9.58102213256388,0.4429711097398809
2024-03-15 23:00:00,-8.065525951309372,0.36586645276976054
2024-03-16 00:00:00,-6.8826942536645825,0.20845910451175395
2024-03-16 01:00:00,-18.301278725750766,0.39835616050130085
2024-03-16 02:00:00,-19.633292950299268,0.4689667490815542
2024-03-16 03:00:00,-13.059194673094524,0.3754368293782924
2024-03-16 04:00:00,15.227102342900613,0.3131988634435932
2024-03-16 05:00:00,-17.582122173220892,0.36965188321463477
2024-03-16 06:00:00,-9.146838240942387,0.309978251353612
2024-03-16 07:00:00,-5.926584600429914,0.19833956696328484
2024-03-16 08:00:00,-10.710946159824033,0.1728631445050843
2024-03-16 09:00:00,-12.341895185209353,0.2003847183063979
2024-03-16 10:00:00,-14.55866108275,0.24249481291120475
2024-03-16 11:00:00,-5.030004943535597,0.09956981021647796
2024-03-16 12:00:00,-2.1841171510903847,0.061603522243217766
2024-03-16 13:00:00,3.720794332976423,-0.138299595298982
2024-03-16 14:00:00,0.4883897869869274,-0.014541443294835041
2024-03-16 15:00:00,-2.705065026779336,0.062390344438993654
2024-03-16 16:00:00,-11.627338026553472,0.19164058038284268
2024-03-16 17:00:00,-9.504274473473263,0.21211503590771885
2024-03-16 18:00:00,-16.097329130108072,0.4239754193077274
2024-03-16 19:00:00,8.327803657708362,0.2844957974630616
2024-03-16 20:00:00,-3.898177573911467,0.08318594870045412
2024-03-16 21:00:00,-1.1181487360465479,0.035808260297397934
2024-03-16 22:00:00,-0.8026143996742066,0.030458593589397235
2024-03-16 23:00:00,-1.9596580134230372,0.10249793469444203
2024-03-17 00:00:00,-3.2601416329550843,0.09388938102385333
2024-03-17 01:00:00,12.011721659094752,0.19076217159932582
2024-03-17 02:00:00,2.545456708093036,0.034526839402271116
2024-03-17 03:00:00,4.362755021170135,0.07239044620057636
2024-03-17 04:00:00,-3.148177170214961,0.17135734651725237
2024-03-17 05:00:00,-13.496835093323513,0.353283297385706
2024-03-17 06:00:00,-19.84298076923198,0.372058214786942
2024-03-17 07:00:00,-15.971354531239097,0.2052715025992738
2024-03-17 08:00:00,-3.000762754618823,0.05756748560447421
2024-03-17 09:00:00,0.889349111115093,0.010999852953149534
2024-03-17 10:00:00,22.021260340633958,0.2355013511211229
2024-03-17 11:00:00,-38.88616396107167,-0.34460718492291575
2024-03-17 12:00:00,21.161415468640904,0.18925060047846884
2024-03-17 13:00:00,3.133195928460573,-0.12963112377573163
2024-03-17 14:00:00,-2.9976675395582344,0.0761912245719356
2024-03-17 15:00:00,4.022307021009746,0.0451713981199907
2024-03-17 16:00:00,16.914526974109986,0.22317034745236947
2024-03-17 17:00:00,-12.854138041798274,0.27679618514176174
2024-03-17 18:00:00,-17.090325437485998,0.3296172623866612
2024-03-17 19:00:00,10.389434905807342,0.32310208888954567
2024-03-17 20:00:00,-18.794830889743032,0.4213727681501431
2024-03-17 21:00:00,-15.235859540433266,0.4626980299752271
2024-03-17 22:00:00,-21.064587294620157,0.6067490974807007
2024-03-17 23:00:00,-18.679128320973806,0.534391418239556
2024-03-18 00:00:00,-15.199563745984356,0.24729213435481512
2024-03-18 01:00:00,-13.235781388151647,0.3092400034614062
2024-03-18 02:00:00,-10.700832801598052,0.2508046876106983
2024-03-18 03:00:00,6.705061988269024,-0.12646288171009099
2024-03-18 04:00:00,-5.947388579439887,0.1328135011040618
2024-03-18 05:00:00,-2.088006074662327,0.03175481453086241
2024-03-18 06:00:00,-6.85058976558934,0.22917803310549112
2024-03-18 07:00:00,-7.012045740830556,0.23106985239670988
2024-03-18 08:00:00,-8.426497624778001,0.1143676980520637
2024-03-18 09:00:00,-2.4554573535507913,0.07707022453078441
2024-03-18 10:00:00,-17.576429980440967,-0.3842346532975029
2024-03-18 11:00:00,-22.533969449963475,-0.4460899266162561
2024-03-18 12:00:00,-20.169374889048413,-0.4011936106405414
2024-03-18 13:00:00,-11.23507879925341,-0.20857617635402137
2024-03-18 14:00:00,-3.8758290504092083,-0.07857713662115998
2024-03-18 15:00:00,1.296056799358301,-0.051201232542894985
2024-03-18 16:00:00,4.905065838577149,-0.1396340764796501
2024-03-18 17:00:00,0.06446877292767424,-0.0021674547111240664
2024-03-18 18:00:00,9.875493369795773,0.25301018061579655
2024-03-18 19:00:00,-23.38862870529396,0.337172267869361
2024-03-18 20:00:00,-20.207031963734376,0.36392673505149714
2024-03-18 21:00:00,-9.286109010647595,0.3647475945892452
2024-03-18 22:00:00,-11.401631041164572,0.4708110435299407
2024-03-18 23:00:00,-28.716961175153266,0.6666116013638493
2024-03-19 00:00:00,-10.228033580757959,0.51322362289919
2024-03-19 01:00:00,-5.7608276841449655,0.5494875700252736
2024-03-19 02:00:00,-19.431488931616258,0.45260030586300193
2024-03-19 03:00:00,-9.125098098689321,0.43310542022351894
2024-03-19 04:00:00,-3.976635275202176,0.15668999074834214
2024-03-19 05:00:00,-9.134176078936639,0.3897830536373065
2024-03-19 06:00:00,-14.55187057635778,0.4403652769362318
2024-03-19 07:00:00,-27.890167391169427,0.7546923068705389
2024-03-19 08:00:00,12.23059076341795,0.3578707503340925
2024-03-19 09:00:00,14.798207464463918,0.2232343862492671
2024-03-19 10:00:00,-14.191835120303221,-0.1786170000289881
2024-03-19 11:00:00,-11.062456515403404,-0.16709649742316784
2024-03-19 12:00:00,-2.698807946004912,-0.03867151868523115
2024-03-19 13:00:00,9.952226011218542,0.149255777849376
2024-03-19 14:00:00,10.931442985197537,0.23810073806271995
2024-03-19 15:00:00,-18.715352178052616,0.35681592682794633
2024-03-19 16:00:00,-6.018290422576154,0.25005361569620055
2024-03-19 17:00:00,-11.082164713389645,0.25845203277570944
2024-03-19 18:00:00,46.77402385510045,0.6117610172264571
2024-03-19 19:00:00,39.142427943076974,0.6142692445188734
2024-03-19 20:00:00,-24.61521034234957,0.5135015508667717
2024-03-19 21:00:00,-34.42113332095487,0.45298713360120635
2024-03-19 22:00:00,0.6141912330255342,-0.012410410851192854
2024-03-19 23:00:00,2.2734145352322987,-0.11286935434576006
2024-03-20 00:00:00,16.51412393613502,-0.26470881185097656
2024-03-20 01:00:00,12.219273536943504,-0.17216791648857319
2024-03-20 02:00:00,2.5166677954777184,-0.11431604794357111
2024-03-20 03:00:00,2.351399185462605,-0.13704389704293068
2024-03-20 04:00:00,8.259587526465292,0.20849120371731858
2024-03-20 05:00:00,7.086005485384927,0.18417646944390834
2024-03-20 06:00:00,5.8918267264714625,0.20703586782175357
2024-03-20 07:00:00,6.4281456508783466,0.25833483305382565
2024-03-20 08:00:00,4.485269211335723,0.09328374883190639
2024-03-20 09:00:00,13.410918203126752,0.2596951686281589
2024-03-20 10:00:00,-6.1607836827681535,-0.12082811019785349
2024-03-20 11:00:00,-1.2956491951809241,-0.024048159737509414
2024-03-20 12:00:00,-8.334773742841842,-0.11381327483670856
2024-03-20 13:00:00,5.2643236996923415,-0.11009774547092632
2024-03-20 14:00:00,1.331148527734616,-0.041481581949535724
2024-03-20 15:00:00,6.616100714505872,-0.1652703016213497
2024-03-20 16:00:00,6.062786100086986,-0.23730961719457433
2024-03-20 17:00:00,-15.530557870109977,-0.27176505976009196
2024-03-20 18:00:00,29.68065538282632,0.5578441413153841
2024-03-20 19:00:00,13.475209872034274,0.488143809890754
2024-03-20 20:00:00,18.7171147139795,0.29611634980306495
2024-03-20 21:00:00,-0.9113777172645748,0.030798111559359773
2024-03-20 22:00:00,5.428273211223678,0.13400827539002338
2024-03-20 23:00:00,3.3530501810973594,-0.12869617644497425
2024-03-21 00:00:00,-2.623594689470925,-0.06395423760989992
2024-03-21 01:00:00,-2.536830345105889,-0.052070657137993165
2024-03-21 02:00:00,-5.05979812641555,-0.10248107521146275
2024-03-21 03:00:00,-3.1919139284739364,-0.06949216076970163
2024-03-21 04:00:00,7.618759840816887,0.15133101282782574
2024-03-21 05:00:00,11.884789561402643,0.2730001736895908
2024-03-21 06:00:00,18.704428307125113,0.43587873571786706
2024-03-21 07:00:00,-14.556105243283723,0.3299731426854606
2024-03-21 08:00:00,-4.071466282843797,0.08903077306080771
2024-03-21 09:00:00,-2.510172967503483,0.07529690636540431
2024-03-21 10:00:00,2.7041742193568337,-0.09071974702619544
2024-03-21 11:00:00,-2.997460499636779,-0.06870654639642373
2024-03-21 12:00:00,8.026797780713553,-0.12593329055510338
2024-03-21 13:00:00,5.265349121309925,-0.08891016904999789
2024-03-21 14:00:00,-7.214757992464088,-0.15061181956169947
2024-03-21 15:00:00,10.180067104423127,-0.26246080141344075
2024-03-21 16:00:00,13.336040037552108,-0.36628416154116045
2024-03-21 17:00:00,7.896452998328489,-0.2894382009503882
2024-03-21 18:00:00,-36.441555629538755,0.718910152486462
2024-03-21 19:00:00,-41.28541892444493,0.7989007833626935
2024-03-21 20:00:00,32.504638932919654,0.6661878777856957
2024-03-21 21:00:00,25.74912052587792,0.7520846022104134
2024-03-21 22:00:00,-22.150000000000006,1.0
2024-03-21 23:00:00,-21.686000000000007,1.0
2024-03-22 00:00:00,-16.955640922232558,0.7169101062209864
2024-03-22 01:00:00,-9.173056063761276,0.35702549580668963
2024-03-22 02:00:00,-11.968629413144729,0.483366156986581
2024-03-22 03:00:00,-9.469381826580804,0.38109231433438523
2024-03-22 04:00:00,-11.41604420964928,0.47208850424486326
2024-03-22 05:00:00,-12.86619335039234,0.5211305986630622
2024-03-22 06:00:00,-22.19491690544829,0.6641009217392744
2024-03-22 07:00:00,-24.02088639832756,0.6516966384960949
2024-03-22 08:00:00,-14.387449573876253,0.3633836681705416
2024-03-22 09:00:00,-6.965160058619216,0.23465148598926033
2024-03-22 10:00:00,0.7975900223000869,-0.02269749636596718
2024-03-22 11:00:00,2.754915128212022,-0.0920476139124155
2024-03-22 12:00:00,2.16672084397708,-0.06548593968342913
2024-03-22 13:00:00,2.2565469395131785,-0.08478124487437037
2024-03-22 14:00:00,-5.636973518592675,0.20676277440460245
2024-03-22 15:00:00,-18.18655889989602,0.38909220812340384
2024-03-22 16:00:00,23.314463868474007,0.5957597963017838
2024-03-22 17:00:00,-19.833870637027136,0.5997179075056587
2024-03-22 18:00:00,-7.061852141445752e-05,0.8827315175573325
2024-03-22 19:00:00,-40.53596746678924,0.9416523407008794
2024-03-22 20:00:00,-32.60374383094038,0.9972088646869671
2024-03-22 21:00:00,-22.628167587579345,0.8079468556996233
2024-03-22 22:00:00,-15.83526393850076,0.570742978500658
2024-03-22 23:00:00,-19.465391178126687,0.457481754638809
2024-03-23 00:00:00,-14.168750754891294,0.5292772041423719
2024-03-23 01:00:00,-2.123303916064514,0.07829003045848289
2024-03-23 02:00:00,6.434162672929612,0.14892516139546363
2024-03-23 03:00:00,6.31041973032034,0.15438713437198068
2024-03-23 04:00:00,15.865548113987721,0.47402294932738914
2024-03-23 05:00:00,24.4235165020688,0.6499937858168678
2024-03-23 06:00:00,25.000477595490064,0.6462576604753797
2024-03-23 07:00:00,-25.49373315693401,0.5715699203402015
2024-03-23 08:00:00,-13.76754749091718,0.40533320058049754
2024-03-23 09:00:00,-8.10671789053386,0.16575782383981558
2024-03-23 10:00:00,-1.4223811039530203,0.023179844739145392
2024-03-23 11:00:00,-9.013281677694247,0.14285707887870677
2024-03-23 12:00:00,-2.810520008368589,0.06492157742645328
2024-03-23 13:00:00,-2.7389736640249964,0.144827823708368
2024-03-23 14:00:00,-3.8006664703289483,0.22789910099550148
2024-03-23 15:00:00,34.21160552358678,0.3743944748883686
2024-03-23 16:00:00,-19.976918674027097,0.4668183867424417
2024-03-23 17:00:00,-21.908837168436822,0.52452386143879
2024-03-23 18:00:00,-22.831059884747077,0.6644468986568227
2024-03-23 19:00:00,33.41759997092798,0.4517173788632987
2024-03-23 20:00:00,35.7429583027362,0.4095581435367151
2024-03-23 21:00:00,11.594742262385108,0.31222377914651855
2024-03-23 22:00:00,-4.492308713732086,0.1891100279407319
2024-03-23 23:00:00,-14.211665231132612,0.5167690349853683
2024-03-24 00:00:00,-8.306193983631081,0.3232359413017504
2024-03-24 01:00:00,-2.1704071020454445,0.06517580509439395
2024-03-24 02:00:00,-12.18911812427971,0.18135060366714342
2024-03-24 03:00:00,-2.423966408681532,0.039206897026793884
2024-03-24 04:00:00,3.7801042953504393,-0.0535023890754878
2024-03-24 05:00:00,-13.216899642742593,0.17642998735523333
2024-03-24 06:00:00,-7.951586224824873,0.12978791213437915
2024-03-24 07:00:00,-2.9254835440629474,0.0867863718394349
2024-03-24 08:00:00,-2.6589029789125767,0.125354909193936
2024-03-24 09:00:00,-0.9311144137353804,0.167399480736212
2024-03-24 10:00:00,-0.0,-0.463418777733156
2024-03-24 11:00:00,-0.0,-0.3407235889003527
2024-03-24 12:00:00,2.953832620646373,-0.3343114955397754
2024-03-24 13:00:00,-0.0,-0.20316322683812954
2024-03-24 14:00:00,0.13523280880804017,-0.010149352070658991
2024-03-24 15:00:00,0.05067429383026907,-0.00564962303698858
2024-03-24 16:00:00,1.7121336711547102,-0.03641399632729522
2024-03-24 17:00:00,0.49702193793260635,-0.028027510744303742
2024-03-24 18:00:00,-14.164747349678812,0.3623278553793361
2024-03-24 19:00:00,17.97291370576597,0.33128573519438853
2024-03-24 20:00:00,-8.938478408820627,0.3069637833998636
2024-03-24 21:00:00,6.004426140684398,0.07544955066075744
2024-03-24 22:00:00,-1.9226926655106684,0.07712984056124313
2024-03-24 23:00:00,-4.200964532422435,0.2723124737422981
2024-03-25 00:00:00,7.044670206076261,-0.26822533529075016
2024-03-25 01:00:00,9.358145220747017,-0.35413983806043586
2024-03-25 02:00:00,7.249381950761255,-0.2676628987875223
2024-03-25 03:00:00,2.287122084322104,-0.07038814773403822
2024-03-25 04:00:00,-6.554773036908988,-0.1660318913069983
2024-03-25 05:00:00,-0.09589201464170542,-0.00366041969086939
2024-03-25 06:00:00,-5.803081996966006,0.07961970222907327
2024-03-25 07:00:00,5.775954347824435,-0.1259420511060232
2024-03-25 08:00:00,8.872616576372781,-0.22400506390903036
2024-03-25 09:00:00,10.664753833975803,-0.3483164750792279
2024-03-25 10:00:00,9.259253794306039,-0.2813849691334723
2024-03-25 11:00:00,6.4710311544652885,-0.218372461595697
2024-03-25 12:00:00,2.0454431256792356,-0.10364020701658062
2024-03-25 13:00:00,-10.832234141290265,-0.14149979937154997
2024-03-25 14:00:00,-0.7115052737154889,-0.017314934140842224
2024-03-25 15:00:00,-6.672683009041428,-0.18249324496886088
2024-03-25 16:00:00,-9.862754160112997,-0.2158340808848257
2024-03-25 17:00:00,9.26901895041097,-0.24446194088012893
2024-03-25 18:00:00,20.203494614628173,0.4718127697771695
2024-03-25 19:00:00,9.818437513682703,0.20886293079373536
2024-03-25 20:00:00,-10.359788884060226,0.23662750700212934
2024-03-25 21:00:00,-10.218919776030852,0.3000798665657735
2024-03-25 22:00:00,-2.5091540986166416,0.08621930103142882
2024-03-25 23:00:00,-0.342679580692925,0.007916271962043175
2024-03-26 00:00:00,-3.6774941223763005,-0.03161831089921073
2024-03-26 01:00:00,0.6444867415843024,-0.02547680521738951
2024-03-26 02:00:00,0.28014673823388797,-0.011788206952825075
2024-03-26 03:00:00,-1.834412204854577,-0.03223979691830397
2024-03-26 04:00:00,6.7322004890527225,-0.16337120192808977
2024-03-26 05:00:00,-7.53137256260207,-0.17365396731847063
2024-03-26 06:00:00,18.208180085378096,-0.2617998574461265
2024-03-26 07:00:00,9.701121006273745,-0.19278857325663246
2024-03-26 08:00:00,12.0853141980893,-0.3371942263048547
2024-03-26 09:00:00,-20.706530578185873,-0.28262899347818676
2024-03-26 10:00:00,-37.63881708473638,-0.4396395016211502
2024-03-26 11:00:00,-30.584815735548492,-0.40216603890887487
2024-03-26 12:00:00,-31.582398725701818,-0.3683035617742279
2024-03-26 13:00:00,-25.420180606325864,-0.2747850471549828
2024-03-26 14:00:00,-16.88782193956545,-0.23823164377568753
2024-03-26 15:00:00,6.323238635667347,-0.21633878256351774
2024-03-26 16:00:00,-5.5783520102434245,-0.07182211706399498
2024-03-26 17:00:00,-4.528539803474191,-0.05039662360028256
2024-03-26 18:00:00,-19.553841520327264,-0.24179052466678122
2024-03-26 19:00:00,10.688375320321182,0.1733184471990981
2024-03-26 20:00:00,1.0622479203859203,0.02649922467659332
2024-03-26 21:00:00,-4.167725631970558,0.21357618284157825
2024-03-26 22:00:00,10.666108296091165,0.24161531987974108
2024-03-26 23:00:00,-7.514771208163996,-0.19781439911985035
2024-03-27 00:00:00,-5.015536525070362,-0.09280297021131208
2024-03-27 01:00:00,-0.2833988064447349,-0.005395195066340523
2024-03-27 02:00:00,-0.6899539937390464,-0.011140508844200842
2024-03-27 03:00:00,-2.208264898467651,-0.046351221579019594
2024-03-27 04:00:00,-4.589233714766763,-0.09376499090321111
2024-03-27 05:00:00,4.470101125935133,0.10746468713181875
2024-03-27 06:00:00,-1.6902809956818998,0.061215449648047954
2024-03-27 07:00:00,3.81610409820929,0.1261438615036788
2024-03-27 08:00:00,6.94256620169008,0.14244667819135132
2024-03-27 09:00:00,4.577491766443048,0.07392597225454431
2024-03-27 10:00:00,-8.007528349584156,-0.10479804313442288
2024-03-27 11:00:00,-9.516775486427662,-0.1263550157357019
2024-03-27 12:00:00,-1.5494788300441775,-0.02140667955613003
2024-03-27 13:00:00,2.269019484857688,-0.06575234745623153
2024-03-27 14:00:00,-5.0008760193410735,-0.09599371350053416
2024-03-27 15:00:00,-11.805577752962039,-0.2259445907428312
2024-03-27 16:00:00,6.534094504572558,-0.2752224410694919
2024-03-27 17:00:00,8.146109644269469,-0.299357255779416
2024-03-27 18:00:00,-14.648018340337732,0.33523819413621647
2024-03-27 19:00:00,-14.707092057850467,0.32093258751071096
2024-03-27 20:00:00,12.67664337518263,0.2618167494564549
2024-03-27 21:00:00,7.460278620979913,0.16690781531154025
2024-03-27 22:00:00,-0.8054459980042501,-0.01917728566676786
2024-03-27 23:00:00,-1.7527307855788306,-0.03528183070129294
2024-03-28 00:00:00,4.575007475720016,-0.15140007531008062
2024-03-28 01:00:00,16.411222243051437,-0.4097171949332528
2024-03-28 02:00:00,17.150014646280137,-0.3127225004336197
2024-03-28 03:00:00,11.74358634629221,-0.27626117636952674
2024-03-28 04:00:00,15.573908385534493,-0.350834817542621
2024-03-28 05:00:00,5.465746070178551,-0.08187062656974375
2024-03-28 06:00:00,6.874650366632018,0.15340524221034427
2024-03-28 07:00:00,4.325949089459962,0.10738044698344423
2024-03-28 08:00:00,2.3987596561960225,0.06216980241022243
2024-03-28 09:00:00,0.7314685998982571,0.01038147416872269
2024-03-28 10:00:00,-1.3443740548704615,-0.016006503391035105
2024-03-28 11:00:00,-4.4027516372010265,-0.04773291776574604
2024-03-28 12:00:00,-23.955775808550978,-0.19992702385485692
2024-03-28 13:00:00,-19.994498264304262,-0.19231868148797762
2024-03-28 14:00:00,-20.132341467016953,-0.23362675204927005
2024-03-28 15:00:00,-23.57125848228201,-0.3207468373326392
2024-03-28 16:00:00,-3.63924762145887,-0.07642509498849859
2024-03-28 17:00:00,3.935491376419264,-0.15292369832598657
2024-03-28 18:00:00,27.257031656791128,0.5148178611160852
2024-03-28 19:00:00,23.234208192615178,0.35048812346495267
2024-03-28 20:00:00,11.666987497821594,0.3070987206923111
2024-03-28 21:00:00,18.442310719349134,0.4999406522093071
2024-03-28 22:00:00,16.35560067273588,0.4052729556888736
2024-03-28 23:00:00,19.14556228557966,0.19725491742818527
2024-03-29 00:00:00,11.777478172089365,0.22649867633542375
2024-03-29 01:00:00,69.1123323910201,0.7508863701070186
2024-03-29 02:00:00,-24.40586224845188,-0.191621420707823
2024-03-29 03:00:00,-7.265947923118076,0.14133335777315842
2024-03-29 04:00:00,-38.87545487731547,0.7394847896618948
2024-03-29 05:00:00,74.10742671260921,0.6319223240866116
2024-03-29 06:00:00,-24.043439293014746,0.4858438266451412
2024-03-29 07:00:00,14.319779853850457,0.4127451390399048
2024-03-29 08:00:00,12.578218271440376,0.26589054816387714
2024-03-29 09:00:00,25.731058560213622,0.3078430168117918
2024-03-29 10:00:00,-9.528474152416653,-0.08918598951477161
2024-03-29 11:00:00,2.291035637429621,-0.1298846667855105
2024-03-29 12:00:00,-2.0268391661550362,-0.03969835408482913
2024-03-29 13:00:00,1.051524484502829,-0.10246319932090636
2024-03-29 14:00:00,4.403210121635983,-0.1696481181876598
2024-03-29 15:00:00,4.009303820141937,-0.1597986036574302
2024-03-29 16:00:00,-33.258154595139615,0.33662099792651434
2024-03-29 17:00:00,-11.877958352184544,-0.21838095185204437
2024-03-29 18:00:00,7.132666065823661,0.1392935606339816
2024-03-29 19:00:00,-1.1963686706870138,0.23302856850156092
2024-03-29 20:00:00,-5.192989496725982,0.1343558898017123
2024-03-29 21:00:00,2.437207022963819,0.030131755244653762
2024-03-29 22:00:00,5.43966588517249,0.11259683892224319
2024-03-29 23:00:00,1.6149266987864637,-0.09551257977208806
2024-03-30 00:00:00,1.5948813979165941,0.019307790248739076
2024-03-30 01:00:00,10.494500874225004,0.22845917960259932
2024-03-30 02:00:00,-5.68086059232702,0.12906060368328193
2024-03-30 03:00:00,12.177603802098083,-0.2709867773843536
2024-03-30 04:00:00,-18.83732062695883,0.4119878535301453
2024-03-30 05:00:00,-40.06868695910388,0.6571438147260124
2024-03-30 06:00:00,-31.71940865300967,0.4800588529982998
2024-03-30 07:00:00,30.629339086759124,0.3990845364338183
2024-03-30 08:00:00,20.947240307262263,0.4127128422276084
2024-03-30 09:00:00,33.39348838329945,0.3339616007610554
2024-03-30 10:00:00,15.470580446427153,0.1161875426875728
2024-03-30 11:00:00,19.42833693770007,0.12959577889627955
2024-03-30 12:00:00,-0.0,-0.008945398842535637
2024-03-30 13:00:00,2.4760795118633014,-0.1074122721027837
2024-03-30 14:00:00,-2.2848139733026684,0.20068140382165994
2024-03-30 15:00:00,51.84423378560209,0.35583734088219376
2024-03-30 16:00:00,-20.39471763536641,0.5254474580142837
2024-03-30 17:00:00,-28.498229311820072,0.35836461541717585
2024-03-30 18:00:00,69.91131668657817,0.8524418895367585
2024-03-30 19:00:00,72.13820908026635,0.7487177768349059
2024-03-30 20:00:00,27.019738939660794,0.5117762508459125
2024-03-30 21:00:00,27.014184282677316,0.42228797865716206
2024-03-30 22:00:00,33.754903914013695,0.4390196510985433
2024-03-30 23:00:00,-22.505535650031764,0.3415207692195782
2024-03-31 00:00:00,-0.43042304366227524,-0.008834446001976049
2024-03-31 01:00:00,10.741149239647674,0.15598985215439998
2024-03-31 03:00:00,25.550330916690978,0.41036138503912406
2024-03-31 04:00:00,-47.239965803193996,0.587306095644856
2024-03-31 05:00:00,-46.73425528946816,0.6579138903830302
2024-03-31 06:00:00,19.863555003477863,0.2828961760802942
2024-03-31 07:00:00,-25.867631472209965,0.36129490721971547
2024-03-31 08:00:00,23.481035140840106,0.41431759079719277
2024-03-31 09:00:00,18.811364793057592,0.2869642090073314
2024-03-31 10:00:00,-0.19152666847062308,-0.002735352810960212
2024-03-31 11:00:00,-1.5931629169642092,-0.02109433748394531
2024-03-31 12:00:00,-1.8025390341807017,-0.015140113226113989
2024-03-31 13:00:00,3.0714213059278594,-0.1709406907665652
2024-03-31 14:00:00,-0.0,-0.19317056998540608
2024-03-31 15:00:00,-0.3226429546213473,0.036409354877520984
2024-03-31 16:00:00,-3.9040786867375425,0.0665067406006191
2024-03-31 17:00:00,-2.863566903526488,0.058279574713065795
2024-03-31 18:00:00,66.91719537649607,0.7029412514863657
2024-03-31 19:00:00,-18.96912576977059,0.3354992177179093
2024-03-31 20:00:00,-21.987185890088703,0.2735609262956765
2024-03-31 21:00:00,-11.43640644908921,0.1934406801151741
2024-03-31 22:00:00,-10.394890931300532,0.23910042395170855
2024-03-31 23:00:00,-2.609911769900682,0.08688989479311127
2024-04-01 00:00:00,5.9013492490296855,-0.21198136603432896
2024-04-01 01:00:00,3.603984949925907,-0.12516444224233894
2024-04-01 02:00:00,-0.8070585861639521,0.025942929254040698
2024-04-01 03:00:00,19.29315413800666,0.18742499502619694
2024-04-01 04:00:00,-17.62701035393881,-0.20981039295758816
2024-04-01 05:00:00,0.4872364002674089,0.005553690788622268
2024-04-01 06:00:00,19.96344280142084,0.3486029092046176
2024-04-01 07:00:00,15.593053026608066,0.2323506634869329
2024-04-01 08:00:00,4.573079186485224,0.05686282762997181
2024-04-01 09:00:00,5.181703332731068,0.06176488584083567
2024-04-01 10:00:00,-5.380201141717537,-0.09401115653543637
2024-04-01 11:00:00,-3.495823686624734,-0.03532018041505057
2024-04-01 12:00:00,-6.34719301632715,-0.05314742167756991
2024-04-01 13:00:00,-11.653580209895068,-0.08434410980136493
2024-04-01 14:00:00,-0.0,-0.14487446224951264
2024-04-01 15:00:00,-0.0,-0.11258353012138811
2024-04-01 16:00:00,-6.637757545139563,-0.0664279145250227
2024-04-01 17:00:00,5.410430160081234,-0.110543661174069
2024-04-01 18:00:00,4.026852128813399,0.08323347420666719
2024-04-01 19:00:00,4.54968866142691,0.08744020336383208
2024-04-01 20:00:00,1.646392770304177,0.05000585500863129
2024-04-01 21:00:00,9.303951467808773,0.07883435267040707
2024-04-01 22:00:00,11.461338530260248,-0.16838318906754002
2024-04-01 23:00:00,-5.825730394189555,-0.07121658611774086
2024-04-02 00:00:00,3.235076946279301,-0.06561489831006208
2024-04-02 01:00:00,0.030435646581057702,-0.0005394382691029529
2024-04-02 02:00:00,0.7721812415906626,-0.017023020691577843
2024-04-02 03:00:00,3.2279053195960055,-0.12654482200078426
2024-04-02 04:00:00,6.601629395493476,-0.22520397746788143
2024-04-02 05:00:00,-6.327568802167783,0.20032192997650244
2024-04-02 06:00:00,-6.156869048930761,-0.10856952245553193
2024-04-02 07:00:00,8.916625853860738,0.11873003800080878
2024-04-02 08:00:00,4.53396131891106,0.06468032353149962
2024-04-02 09:00:00,-8.880515235898388,0.245013525614523
2024-04-02 10:00:00,2.6330875124105866,-0.05244776337364725
2024-04-02 11:00:00,4.657180631239168,-0.07148616429113969
2024-04-02 12:00:00,2.481272879309561,-0.0871100709831985
2024-04-02 13:00:00,4.726854140453246,-0.1946863500950498
2024-04-02 14:00:00,4.504475059380438,-0.13950511442240435
2024-04-02 15:00:00,10.720443439699682,-0.32416183109084357
2024-04-02 16:00:00,12.09492759229523,-0.2191864517188023
2024-04-02 17:00:00,5.371518246459003,-0.07727802509687959
2024-04-02 18:00:00,-1.836868388365667,0.022757460055326355
2024-04-02 19:00:00,-4.442287650668469,0.0628053844943302
2024-04-02 20:00:00,-1.589503460795818,-0.021079829462572513
2024-04-02 21:00:00,4.766841309445478,-0.09414681050413726
2024-04-02 22:00:00,3.4233956297156274,-0.12260567401030112
2024-04-02 23:00:00,3.813112497730328,-0.14258890500823904
2024-04-03 00:00:00,3.6100885494826995,-0.065111165109256
2024-04-03 01:00:00,3.972263413494344,-0.0965852946603045
2024-04-03 02:00:00,2.0749369800891286,-0.04785481630316955
2024-04-03 03:00:00,-13.983129018364169,0.24361276360849785
2024-04-03 04:00:00,-16.3231919703555,0.25502198150757727
2024-04-03 05:00:00,-7.594132205202018,0.1238786389769182
2024-04-03 06:00:00,-6.97225716709692,0.15247905277297205
2024-04-03 07:00:00,-3.82430318013606,0.06593285140658345
2024-04-03 08:00:00,-0.5172441661469634,0.0060382331124791445
2024-04-03 09:00:00,-8.76306539619015,0.13598928785767567
2024-04-03 10:00:00,7.686386617167861,-0.19871846781878955
2024-04-03 11:00:00,3.801291576750919,-0.13647363441696975
2024-04-03 12:00:00,-0.8685300812146958,0.020063528407094085
2024-04-03 13:00:00,5.466249610531779,-0.08255412569087262
2024-04-03 14:00:00,-0.9965281523752664,0.016751052477224363
2024-04-03 15:00:00,-7.007921389048161,0.12167890627091227
2024-04-03 16:00:00,5.355224647586928,-0.11687016384241035
2024-04-03 17:00:00,0.5987224603079013,-0.015550424920988556
2024-04-03 18:00:00,-8.811296245681763,0.20278560764667203
2024-04-03 19:00:00,-7.1057478646297545,0.12245799925257221
2024-04-03 20:00:00,-5.233925963562879,0.10842795806100722
2024-04-03 21:00:00,-6.026094630305362,0.19713090484822407
2024-04-03 22:00:00,-10.453801307881815,0.3115515678572395
2024-04-03 23:00:00,-24.57262108406135,0.42611235340942566
2024-04-04 00:00:00,-10.99552682861257,0.2440088506638092
2024-04-04 01:00:00,-17.055191594675208,-0.2688566680540262
2024-04-04 02:00:00,-7.539196171949317,-0.11345155481241354
2024-04-04 03:00:00,-5.1771237698956565,-0.07925179900337782
2024-04-04 04:00:00,1.396553936164173,-0.0443406761545648
2024-04-04 05:00:00,6.794292828994928,-0.1547463405683717
2024-04-04 06:00:00,5.985754098779311,0.10660861842626161
2024-04-04 07:00:00,-7.6533285759590735,-0.14566670300645365
2024-04-04 08:00:00,-12.169188549859307,-0.2869888580963447
2024-04-04 09:00:00,-12.807673437194453,-0.24551039664117666
2024-04-04 10:00:00,-13.488154543703097,-0.3293569346251337
2024-04-04 11:00:00,5.728771753361849,-0.16937503336078555
2024-04-04 12:00:00,2.3620755229627846,-0.28714996638225526
2024-04-04 13:00:00,5.688949113824889,-0.17363080595828148
2024-04-04 14:00:00,3.24003552190924,-0.1681158119442505
2024-04-04 15:00:00,7.394267185952113,-0.17475166464094044
2024-04-04 16:00:00,9.202380735015964,-0.18558799505931156
2024-04-04 17:00:00,8.058666239756906,-0.24644239265311632
2024-04-04 18:00:00,2.778605415810811,-0.07879215697747939
2024-04-04 19:00:00,10.926109845828714,-0.24789250035912322
2024-04-04 20:00:00,5.077567584685464,0.07721596740602608
2024-04-04 21:00:00,10.773001905291782,0.12880203138799357
2024-04-04 22:00:00,7.408859105172455,-0.2637167760081318
2024-04-04 23:00:00,7.3413803779800935,-0.25958701523920985
2024-04-05 00:00:00,3.990419187357512,-0.1557479874851689
2024-04-05 01:00:00,0.8418551042734521,-0.023296208990050422
2024-04-05 02:00:00,9.777271532903546,-0.19854343654997553
2024-04-05 03:00:00,1.1917890535508802,-0.025531589227508734
2024-04-05 04:00:00,-0.48971569122536884,-0.01131924212336744
2024-04-05 05:00:00,-6.6608418658200375,-0.1709705553484442
2024-04-05 06:00:00,-16.04929300960975,-0.23880388961878599
2024-04-05 07:00:00,-15.809941685311511,0.16854050088280487
2024-04-05 08:00:00,-8.016534660526437,0.15320073118134878
2024-04-05 09:00:00,-6.256398583167547,0.27888020786161843
2024-04-05 10:00:00,8.010223939243588,-0.27956945201883254
2024-04-05 11:00:00,3.3657972144661694,-0.15632331124732565
2024-04-05 12:00:00,4.326965097398704,-0.14714065009687163
2024-04-05 13:00:00,3.449511925766901,-0.08990596136798637
2024-04-05 14:00:00,2.144997031520251,-0.05409146467079185
2024-04-05 15:00:00,2.1667272218815476,-0.07015467773616797
2024-04-05 16:00:00,0.7949391864088815,-0.022205625475820036
2024-04-05 17:00:00,0.031082152341329928,-0.0006078093069992945
2024-04-05 18:00:00,-6.606104800089256,0.11652005997158932
2024-04-05 19:00:00,14.530771622302613,0.22414345070498265
2024-04-05 20:00:00,11.606633378647835,0.14714112732207915
2024-04-05 21:00:00,-1.1822994961600761,0.030084255191338442
2024-04-05 22:00:00,-4.51083647753272,0.1749606887569902
2024-04-05 23:00:00,-10.761982297740822,0.4318922706623319
2024-04-06 00:00:00,26.90015754036337,0.33668123783277887
2024-04-06 01:00:00,26.917403660811026,0.3248579352974454
2024-04-06 02:00:00,5.895703319083472,0.05849144131794388
2024-04-06 03:00:00,25.20368460676024,0.2549509352575967
2024-04-06 04:00:00,51.844901041905395,0.623421389796521
2024-04-06 05:00:00,1.892049823592637,0.02424772297312107
2024-04-06 06:00:00,12.077350822341405,0.16946862209667168
2024-04-06 07:00:00,16.16469627252476,0.2410087261636886
2024-04-06 08:00:00,19.038625765228776,0.21981002800042457
2024-04-06 09:00:00,8.41128958476113,0.0832553655821155
2024-04-06 10:00:00,6.697537446104978,0.056048683594334306
2024-04-06 11:00:00,3.7497525130180893,-0.11460123817292449
2024-04-06 12:00:00,5.541385054332405,-0.11524144856675482
2024-04-06 13:00:00,0.8882551748023851,-0.022600762678804773
2024-04-06 14:00:00,3.976384234455278,-0.11777691589524548
2024-04-06 15:00:00,2.9619899370764653,-0.10591396470987861
2024-04-06 16:00:00,4.044320760351856,-0.10696148634925964
2024-04-06 17:00:00,0.5296888100941133,-0.008763153446837842
2024-04-06 18:00:00,-17.35172118764115,0.3248595133701749
2024-04-06 19:00:00,37.18433428393453,0.40873125704104846
2024-04-06 20:00:00,36.26411434230078,0.41703737123650414
2024-04-06 21:00:00,-28.163619591752177,0.5391714289605088
2024-04-06 22:00:00,73.1320885908144,0.7323775602520757
2024-04-06 23:00:00,-10.084492798356356,0.23121615954044153
2024-04-07 00:00:00,-5.19237780963012,-0.05545160949219462
2024-04-07 01:00:00,4.067220170748396,-0.06850747310462356
2024-04-07 02:00:00,-10.275715262825834,-0.15291470502278062
2024-04-07 03:00:00,1.1297904378977863,-0.023796584407140012
2024-04-07 04:00:00,7.522650402947949,-0.17542267105724763
2024-04-07 05:00:00,-23.247724386710424,-0.23898971356165943
2024-04-07 06:00:00,-5.47157196922995,0.11830425879416108
2024-04-07 07:00:00,-9.12915938650254,0.1753247433551477
2024-04-07 08:00:00,-9.304875324477848,0.19974830570117527
2024-04-07 09:00:00,11.638091235763516,0.1767471256532442
2024-04-07 10:00:00,-9.743625604143988,-0.09149373777307843
2024-04-07 11:00:00,-11.179815007951712,-0.10064379795244738
2024-04-07 12:00:00,0.009260758674830817,-0.044955139198207955
2024-04-07 13:00:00,-0.0,-0.008163796545532459
2024-04-07 14:00:00,0.0069367190450936225,-0.05685835282863625
2024-04-07 15:00:00,0.3744289515168659,-0.08344750423821393
2024-04-07 16:00:00,-17.533862558923943,-0.15864446820050074
2024-04-07 17:00:00,-11.783211988785668,-0.18216297424110175
2024-04-07 18:00:00,-21.392867644163093,0.33306141340105394
2024-04-07 19:00:00,25.62299231437516,0.3018589170441444
2024-04-07 20:00:00,26.515487631698665,0.36846000905602416
2024-04-07 21:00:00,26.335392529326366,0.28608945422013804
2024-04-07 22:00:00,-24.304370699806956,0.46959522953487426
2024-04-07 23:00:00,-20.627490940481167,0.3424502521869539
2024-04-08 00:00:00,-2.0612954595078294,0.036563999281735336
2024-04-08 01:00:00,11.482608203945343,0.16769306469123949
2024-04-08 02:00:00,-3.836748751990958,-0.052474996864436976
2024-04-08 03:00:00,-7.365425249699787,0.1628383315373834
2024-04-08 04:00:00,-10.78426432143686,0.2652890290875221
2024-04-08 05:00:00,-12.676029239778076,0.2684518782646409
2024-04-08 06:00:00,-1.3342076258863875,0.04765537828647312
2024-04-08 07:00:00,-12.87256515299351,0.2080212852570823
2024-04-08 08:00:00,-13.467764566397912,0.24966195622122783
2024-04-08 09:00:00,-2.8005651552882274,0.09873312727968367
2024-04-08 10:00:00,-3.085647313125669,-0.05076664275226911
2024-04-08 11:00:00,-1.7072548480661331,-0.024044488311449116
2024-04-08 12:00:00,2.0876257635792106,-0.09574508180055084
2024-04-08 13:00:00,-5.2020022684041365,0.20346549334705427
2024-04-08 14:00:00,7.792206540289637,-0.19196882413070973
2024-04-08 15:00:00,-15.768734492054378,0.3132197380433493
2024-04-08 16:00:00,10.644377639653108,-0.19402449170910313
2024-04-08 17:00:00,9.461083485177125,-0.15580724742152274
2024-04-08 18:00:00,-21.271162329797097,0.4168854329295448
2024-04-08 19:00:00,-45.09165018939724,0.4464608228816139
2024-04-08 20:00:00,32.705380196111534,0.4831926867610958
2024-04-08 21:00:00,26.735011832252216,0.33435900689418596
2024-04-08 22:00:00,-7.009737263516009,0.23434532172760128
2024-04-08 23:00:00,3.029547019836196,0.06845815112388022
2024-04-09 00:00:00,13.574735122660375,-0.20761488320590515
2024-04-09 01:00:00,-0.05961968830136102,-0.0010505486828665752
2024-04-09 02:00:00,-1.202213337003375,-0.016891661566393736
2024-04-09 03:00:00,-13.385166059930311,-0.22790631965963992
2024-04-09 04:00:00,-20.69259461781117,-0.32609358638759406
2024-04-09 05:00:00,15.183472666602597,-0.2667417284459892
2024-04-09 06:00:00,3.626545878695003,0.04641622248140947
2024-04-09 07:00:00,1.6824039105061739,0.03951716800174222
2024-04-09 08:00:00,-10.483063588192087,0.1272062078411854
2024-04-09 09:00:00,2.9806798588029957,-0.09914448705438386
2024-04-09 10:00:00,2.2739286830089944,-0.06610642139104
2024-04-09 11:00:00,-2.3929274663977966,-0.03885694861240597
2024-04-09 12:00:00,-1.4517246569918922,-0.019323864667250914
2024-04-09 13:00:00,-8.650951757154147,-0.11160646287918344
2024-04-09 14:00:00,-10.994488998887258,-0.17310066911575625
2024-04-09 15:00:00,-0.584149047218567,-0.010861220966077886
2024-04-09 16:00:00,0.4759139750478888,-0.009703420769234777
2024-04-09 17:00:00,-2.0924972428529367,-0.04575564687424422
2024-04-09 18:00:00,19.138331973031004,0.25179696571409216
2024-04-09 19:00:00,15.510413339925803,0.21076222062079847
2024-04-09 20:00:00,22.338043496482438,0.28058286330727944
2024-04-09 21:00:00,26.674335478726263,0.2941395086201427
2024-04-09 22:00:00,-4.6170612289465165,0.1625496841623193
2024-04-09 23:00:00,12.490157944711639,0.23244422422882413
2024-04-10 00:00:00,-6.091837147033419,0.1769442647564023
2024-04-10 01:00:00,8.426632359996532,0.12204904711551542
2024-04-10 02:00:00,-5.2088344970303835,0.0973541136556217
2024-04-10 03:00:00,-5.132456627374186,-0.07023354307612772
2024-04-10 04:00:00,-12.405372950958853,0.22185730293581182
2024-04-10 05:00:00,-14.572234246155292,0.2479283082577122
2024-04-10 06:00:00,-17.188994462061995,0.22744587374046618
2024-04-10 07:00:00,-10.872479822871442,0.28028356636517343
2024-04-10 08:00:00,-8.191522004285277,0.12946315180701526
