date,hour,da_price,imbalance_price,imbalance_mwh
2024-01-01,1,107.09,17.608,374.217
2024-01-01,2,104.0,26.483,25.843999999999998
2024-01-01,3,100.0,32.274,26.188999999999993
2024-01-01,4,85.66,176.71,-26.153
2024-01-01,5,85.0,37.067,159.469
2024-01-01,6,85.53,31.806,150.799
2024-01-01,7,95.07,56.099,207.50900000000001
2024-01-01,8,104.07,71.533,229.44
2024-01-01,9,106.95,69.997,596.7860000000001
2024-01-01,10,107.08,70.554,718.895
2024-01-01,11,104.0,55.002,566.215
2024-01-01,12,98.13,36.578,525.996
2024-01-01,13,101.55,57.369,598.4169999999999
2024-01-01,14,98.16,68.535,313.27700000000004
2024-01-01,15,98.17,8.861,71.671
2024-01-01,16,105.54,15.644,150.625
2024-01-01,17,110.0,72.272,174.62000000000003
2024-01-01,18,120.04,168.08,-30.837999999999994
2024-01-01,19,131.5,79.188,157.28199999999995
2024-01-01,20,132.0,79.217,134.90800000000002
2024-01-01,21,127.75,285.444,-102.554
2024-01-01,22,113.48,197.025,-56.784000000000006
2024-01-01,23,109.18,79.436,33.974999999999994
2024-01-01,24,107.2,58.746,28.311999999999998
2024-01-02,1,105.49,170.424,-99.45099999999998
2024-01-02,2,90.09,-51.409,89.216
2024-01-02,3,84.27,26.145,55.778000000000006
2024-01-02,4,84.27,120.05,-62.129
2024-01-02,5,84.27,77.921,0.5920000000000059
2024-01-02,6,100.0,166.129,-159.486
2024-01-02,7,108.28,43.153,254.44400000000002
2024-01-02,8,113.85,68.868,238.46699999999998
2024-01-02,9,126.9,86.967,511.838
2024-01-02,10,119.5,85.898,434.793
2024-01-02,11,110.6,79.962,442.252
2024-01-02,12,108.28,81.09,407.416
2024-01-02,13,105.88,80.994,413.88199999999995
2024-01-02,14,100.15,81.117,544.385
2024-01-02,15,108.28,-353.598,541.7719999999999
2024-01-02,16,110.0,84.716,288.5
2024-01-02,17,112.8,81.373,316.227
2024-01-02,18,129.99,81.022,326.376
2024-01-02,19,130.0,87.307,257.52500000000003
2024-01-02,20,124.29,87.294,301.822
2024-01-02,21,111.26,82.887,481.506
2024-01-02,22,108.28,82.84,467.6
2024-01-02,23,106.0,75.709,477.245
2024-01-02,24,92.41,73.624,273.087
2024-01-03,1,82.5,30.845,279.25
2024-01-03,2,70.1,13.01,202.225
2024-01-03,3,50.21346,-11.122,232.306
2024-01-03,4,40.0,0.134,294.84299999999996
2024-01-03,5,50.0,2.98,395.447
2024-01-03,6,75.0,11.409,359.662
2024-01-03,7,95.46,13.935,607.486
2024-01-03,8,108.28,79.967,890.036
2024-01-03,9,114.99561,78.459,815.201
2024-01-03,10,113.34489,85.305,405.236
2024-01-03,11,107.85233,42.965,511.2969999999999
2024-01-03,12,105.0,81.944,603.2189999999999
2024-01-03,13,92.04644,74.877,719.866
2024-01-03,14,91.59366,52.962,1048.908
2024-01-03,15,97.50897,65.392,757.8779999999999
2024-01-03,16,106.02775,60.281,469.32
2024-01-03,17,109.7411,81.122,331.86699999999996
2024-01-03,18,115.81,162.115,-35.778
2024-01-03,19,115.81,80.273,54.945
2024-01-03,20,115.81,87.564,158.822
2024-01-03,21,109.0,46.985,270.745
2024-01-03,22,106.0,78.871,184.89600000000002
2024-01-03,23,101.46,59.138,268.36899999999997
2024-01-03,24,82.59,24.973,63.15400000000001
2024-01-04,1,74.19,0.169,27.059999999999995
2024-01-04,2,65.0,2.239,44.132999999999996
2024-01-04,3,40.0,159.605,-9.769
2024-01-04,4,35.19694,16.983,21.868
2024-01-04,5,49.39,19.537,10.294000000000004
2024-01-04,6,70.1,187.306,-66.48700000000001
2024-01-04,7,97.61,73.485,183.80900000000003
2024-01-04,8,106.51,3.12,87.816
2024-01-04,9,109.49416,158.733,-261.289
2024-01-04,10,107.23976,164.289,-213.07100000000003
2024-01-04,11,94.35704,65.248,307.266
2024-01-04,12,87.10039,74.348,296.88800000000003
2024-01-04,13,83.81886,46.283,324.01
2024-01-04,14,85.96413,40.553,449.94100000000003
2024-01-04,15,92.11054,67.863,232.03700000000003
2024-01-04,16,103.34,69.306,236.18399999999997
2024-01-04,17,110.02,166.042,-119.253
2024-01-04,18,116.87,159.618,-348.128
2024-01-04,19,118.1,163.444,-351.821
2024-01-04,20,118.1,160.852,-373.50100000000003
2024-01-04,21,112.99,196.136,-183.942
2024-01-04,22,107.05,171.182,-281.63599999999997
2024-01-04,23,105.59,142.471,-229.59799999999998
2024-01-04,24,97.98,146.049,-359.213
2024-01-05,1,86.07515,361.444,-376.50199999999995
2024-01-05,2,88.96,172.623,-416.252
2024-01-05,3,78.5,128.713,-530.6419999999999
2024-01-05,4,78.5,138.598,-509.427
2024-01-05,5,79.39,133.606,-504.637
2024-01-05,6,79.6,184.688,-455.47799999999995
2024-01-05,7,103.46,265.205,-230.152
2024-01-05,8,111.19,351.958,-154.88
2024-01-05,9,115.0,282.84,-139.155
2024-01-05,10,120.4,163.872,-245.647
2024-01-05,11,114.72,305.94,-545.079
2024-01-05,12,112.68327,156.912,-682.633
2024-01-05,13,112.30081,159.877,-764.263
2024-01-05,14,110.68838,152.029,-855.797
2024-01-05,15,111.85887,168.629,-783.385
2024-01-05,16,112.01889,177.262,-530.46
2024-01-05,17,113.85,176.62,-724.284
2024-01-05,18,120.0,187.363,-624.5519999999999
2024-01-05,19,119.66,184.019,-579.2139999999999
2024-01-05,20,115.81,211.047,-367.99600000000004
2024-01-05,21,111.0,246.668,-509.358
2024-01-05,22,110.0,161.511,-404.53099999999995
2024-01-05,23,104.84,157.227,-296.091
2024-01-05,24,86.8,152.236,-557.3140000000001
2024-01-06,1,97.5,245.328,-309.984
2024-01-06,2,97.67,162.267,-391.499
2024-01-06,3,93.0,145.702,-349.29
2024-01-06,4,93.0,158.54,-328.742
2024-01-06,5,89.7,184.14,-264.475
2024-01-06,6,89.47,161.104,-96.207
2024-01-06,7,91.96,141.719,-244.215
2024-01-06,8,96.75,140.795,-341.568
2024-01-06,9,94.66,146.642,-726.095
2024-01-06,10,100.5,155.032,-757.2879999999999
2024-01-06,11,103.46,160.026,-628.006
2024-01-06,12,103.0,165.512,-320.296
2024-01-06,13,103.46,167.218,-306.141
2024-01-06,14,100.5,155.053,-431.015
2024-01-06,15,100.25,157.038,-410.244
2024-01-06,16,103.0,168.089,-412.96899999999994
2024-01-06,17,103.0,157.831,-359.708
2024-01-06,18,111.65,177.442,-490.28299999999996
2024-01-06,19,114.9,160.166,-593.707
2024-01-06,20,116.97,186.465,-546.9390000000001
2024-01-06,21,111.69,184.408,-107.18300000000002
2024-01-06,22,110.06,3.16,81.09
2024-01-06,23,103.0,148.444,-297.097
2024-01-06,24,88.5,149.246,-387.56300000000005
2024-01-07,1,96.85,149.779,-69.13699999999999
2024-01-07,2,96.58,147.929,-30.910999999999994
2024-01-07,3,93.8,146.888,-65.012
2024-01-07,4,93.8,10.521,101.108
2024-01-07,5,85.93,6.117,5.449999999999999
2024-01-07,6,84.3,225.213,-8.953
2024-01-07,7,85.0,169.029,-256.26599999999996
2024-01-07,8,102.27,150.659,-329.66099999999994
2024-01-07,9,100.55,148.858,-302.968
2024-01-07,10,101.19,12.633,7.304000000000009
2024-01-07,11,96.0,156.617,-136.243
2024-01-07,12,96.0,158.151,-373.993
2024-01-07,13,95.65,152.07,-627.629
2024-01-07,14,88.0,154.241,-567.123
2024-01-07,15,84.34138,231.154,-424.049
2024-01-07,16,88.32,409.643,-94.179
2024-01-07,17,97.95,184.054,-127.66
2024-01-07,18,108.87,164.64,-225.821
2024-01-07,19,109.49,158.231,-282.158
2024-01-07,20,110.53,147.226,-276.59000000000003
2024-01-07,21,110.0,171.439,-292.566
2024-01-07,22,109.0,168.799,-435.96700000000004
2024-01-07,23,102.47,154.455,-313.356
2024-01-07,24,93.8,162.303,-414.12199999999996
2024-01-08,1,87.6,-320.508,55.34100000000001
2024-01-08,2,85.28,203.647,-36.398
2024-01-08,3,85.28,2.841,80.08500000000001
2024-01-08,4,90.79,0.0,23.709
2024-01-08,5,93.8,2.034,87.164
2024-01-08,6,90.79,16.207,219.54399999999998
2024-01-08,7,107.46,0.011,330.1429999999999
2024-01-08,8,114.18,86.415,134.587
2024-01-08,9,125.5,177.134,-11.805000000000021
2024-01-08,10,123.0,156.447,-326.627
2024-01-08,11,115.38,171.005,-682.983
2024-01-08,12,112.22,184.715,-901.621
2024-01-08,13,108.55,180.962,-595.06
2024-01-08,14,108.3,172.131,-370.38800000000003
2024-01-08,15,110.97,165.856,-488.43300000000005
2024-01-08,16,115.2,164.972,-846.4459999999999
2024-01-08,17,122.00169,168.869,-366.777
2024-01-08,18,130.1,85.996,186.401
2024-01-08,19,129.99382,78.873,325.826
2024-01-08,20,122.0095,47.461,307.358
2024-01-08,21,114.18,83.711,364.707
2024-01-08,22,107.46,75.85,132.12900000000002
2024-01-08,23,102.9,78.766,407.78200000000004
2024-01-08,24,91.75,60.02,376.468
2024-01-09,1,87.5315,-405.829,853.1030000000001
2024-01-09,2,86.18151,3.453,647.6969999999999
2024-01-09,3,85.00494,43.942,434.059
2024-01-09,4,84.08453,73.438,446.72
2024-01-09,5,84.97701,76.871,487.45500000000004
2024-01-09,6,89.34054,69.413,623.425
2024-01-09,7,106.76125,79.899,825.1419999999999
2024-01-09,8,117.98,85.025,576.1510000000001
2024-01-09,9,131.3728,101.095,265.51800000000003
2024-01-09,10,120.78817,212.708,-356.755
2024-01-09,11,112.1,-761.786,138.81
2024-01-09,12,104.97006,84.104,474.08500000000004
2024-01-09,13,100.37,84.878,516.611
2024-01-09,14,100.82,84.9,395.727
2024-01-09,15,110.0,158.888,-45.441
2024-01-09,16,116.55,153.634,-83.583
2024-01-09,17,127.36267,70.744,149.00900000000001
2024-01-09,18,137.35078,137.35078,138.029
2024-01-09,19,137.00435,83.294,318.754
2024-01-09,20,130.05,203.166,-4.192999999999998
2024-01-09,21,117.67376,77.87,193.715
2024-01-09,22,111.0525,-269.968,119.11100000000002
2024-01-09,23,105.61,39.532,270.091
2024-01-09,24,103.46,78.607,112.231
2024-01-10,1,97.97,85.759,38.900999999999996
2024-01-10,2,92.9,84.678,35.717999999999996
2024-01-10,3,91.29,88.456,58.107
2024-01-10,4,92.2,82.991,30.389999999999997
2024-01-10,5,91.29,84.963,17.215999999999994
2024-01-10,6,99.5,84.408,314.763
2024-01-10,7,108.96,66.437,288.975
2024-01-10,8,120.0,90.0,63.43299999999999
2024-01-10,9,139.2,366.131,-234.843
2024-01-10,10,130.38739,190.031,-292.023
2024-01-10,11,117.46942,84.982,97.11
2024-01-10,12,109.13,158.436,-9.790999999999997
2024-01-10,13,104.2,104.2,249.341
2024-01-10,14,106.54,140.893,-214.12599999999998
2024-01-10,15,110.2,160.387,-389.797
2024-01-10,16,119.7728,162.01,-175.639
2024-01-10,17,133.13612,172.955,-215.199
2024-01-10,18,143.78766,182.286,-18.140999999999995
2024-01-10,19,140.0,80.994,91.83500000000001
2024-01-10,20,132.15399,187.666,-59.37700000000001
2024-01-10,21,120.0,185.109,-105.049
2024-01-10,22,109.13,162.582,-74.25999999999999
2024-01-10,23,105.37,142.707,-55.31899999999999
2024-01-10,24,103.62,141.469,-124.501
2024-01-11,1,91.74873,141.953,-321.254
2024-01-11,2,88.6,141.355,-193.189
2024-01-11,3,87.24772,141.658,-355.335
2024-01-11,4,82.38093,145.026,-575.681
2024-01-11,5,83.61,139.093,-443.267
2024-01-11,6,90.35,136.678,-572.7760000000001
2024-01-11,7,103.1,155.837,-224.78699999999998
2024-01-11,8,116.89149,176.274,-617.1600000000001
2024-01-11,9,140.87915,170.719,-372.183
2024-01-11,10,129.16361,179.751,-76.82199999999997
2024-01-11,11,113.65,78.235,118.628
2024-01-11,12,106.48,85.282,527.261
2024-01-11,13,99.38404,83.586,441.672
2024-01-11,14,99.0,79.455,386.415
2024-01-11,15,105.98,87.102,261.63100000000003
2024-01-11,16,113.71016,89.203,212.83399999999995
2024-01-11,17,120.0,71.822,167.091
2024-01-11,18,128.75,85.987,61.785
2024-01-11,19,136.72,25.396,327.40700000000004
2024-01-11,20,132.31,78.246,374.177
2024-01-11,21,117.93,222.287,-104.57499999999999
2024-01-11,22,107.19,154.464,-333.976
2024-01-11,23,105.98,157.091,-259.477
2024-01-11,24,99.0,148.91,-551.9399999999999
2024-01-12,1,101.46,141.339,-688.2139999999999
2024-01-12,2,95.64,139.526,-548.4340000000001
2024-01-12,3,91.2,135.959,-633.231
2024-01-12,4,89.9,132.407,-636.094
2024-01-12,5,88.59,138.875,-550.595
2024-01-12,6,94.76,131.92,-602.2080000000001
2024-01-12,7,112.82,196.408,-842.2
2024-01-12,8,129.0,183.504,-977.549
2024-01-12,9,140.73851,167.708,-515.654
2024-01-12,10,134.96004,161.638,-47.978999999999985
2024-01-12,11,121.5027,95.183,667.27
2024-01-12,12,113.8973,85.616,951.254
2024-01-12,13,103.42,81.272,1267.923
2024-01-12,14,100.07708,84.473,891.778
2024-01-12,15,104.24191,104.24191,415.168
2024-01-12,16,110.0,157.823,-70.871
2024-01-12,17,120.0,180.858,-172.08100000000002
2024-01-12,18,127.5,165.925,-215.67499999999998
2024-01-12,19,126.0,153.477,-64.624
2024-01-12,20,119.47,153.545,-123.62899999999999
2024-01-12,21,110.0,139.662,-377.002
2024-01-12,22,107.0,183.682,-485.261
2024-01-12,23,105.0,180.773,-493.335
2024-01-12,24,95.49,146.722,-344.52700000000004
2024-01-13,1,92.8,140.347,-241.12800000000001
2024-01-13,2,87.7,140.009,-233.83399999999997
2024-01-13,3,87.08,143.112,-234.50900000000001
2024-01-13,4,85.59,135.676,-319.93
2024-01-13,5,83.4,129.112,-293.59900000000005
2024-01-13,6,83.9,134.94,-160.49099999999999
2024-01-13,7,95.52,70.323,100.93100000000001
2024-01-13,8,104.93,74.372,53.370999999999995
2024-01-13,9,107.63,82.12,522.986
2024-01-13,10,104.93,87.006,694.836
2024-01-13,11,101.0,79.879,877.935
2024-01-13,12,88.40127,75.461,1093.4959999999999
2024-01-13,13,84.85,55.671,704.998
2024-01-13,14,83.4,57.555,553.451
2024-01-13,15,92.23,64.368,330.699
2024-01-13,16,101.59,76.393,74.41899999999998
2024-01-13,17,107.92,0.27,239.18
2024-01-13,18,124.76962,182.454,-19.272000000000006
2024-01-13,19,128.79108,168.99,-144.486
2024-01-13,20,128.20411,181.002,-139.07399999999998
2024-01-13,21,117.86647,162.122,-364.92
2024-01-13,22,105.0,154.616,-225.449
2024-01-13,23,101.96,138.471,-210.123
2024-01-13,24,95.52,137.105,-201.06400000000002
2024-01-14,1,103.0,133.798,-400.24199999999996
2024-01-14,2,100.65,138.052,-282.13
2024-01-14,3,99.83,139.259,-289.68699999999995
2024-01-14,4,96.79,140.796,-359.813
2024-01-14,5,96.25,139.347,-370.928
2024-01-14,6,95.25,139.582,-488.312
2024-01-14,7,103.43,139.982,-334.274
2024-01-14,8,104.73,140.71,-281.331
2024-01-14,9,108.06,139.205,-136.897
2024-01-14,10,108.06,136.782,-57.519
2024-01-14,11,103.0,135.067,-324.209
2024-01-14,12,103.0,134.296,-557.946
2024-01-14,13,101.88,131.943,-1004.2359999999999
2024-01-14,14,96.04,134.46,-520.628
2024-01-14,15,100.0,54.869,199.055
2024-01-14,16,104.74,74.428,304.888
2024-01-14,17,105.0,134.084,-28.24000000000001
2024-01-14,18,111.0,155.733,-529.563
2024-01-14,19,117.0,161.699,-426.233
2024-01-14,20,120.0,151.687,-341.46400000000006
2024-01-14,21,115.14,124.513,-317.565
2024-01-14,22,108.23,139.768,-377.79
2024-01-14,23,101.51,132.535,-212.425
2024-01-14,24,97.9,130.773,-208.345
2024-01-15,1,85.5,144.262,-269.02299999999997
2024-01-15,2,83.4,149.132,-199.233
2024-01-15,3,84.1,150.611,-126.13700000000001
2024-01-15,4,83.4,148.597,-108.603
2024-01-15,5,83.4,134.163,-269.983
2024-01-15,6,84.9,145.439,-287.874
2024-01-15,7,102.52,179.269,-420.59799999999996
2024-01-15,8,110.03,187.461,-352.25300000000004
2024-01-15,9,122.00208,178.124,-643.2639999999999
2024-01-15,10,119.59,181.719,-495.923
2024-01-15,11,106.21,-3.596,155.07
2024-01-15,12,103.62167,99.592,519.3620000000001
2024-01-15,13,95.6842,75.701,669.1009999999999
2024-01-15,14,94.4436,81.714,781.7900000000001
2024-01-15,15,99.7,80.713,657.145
2024-01-15,16,104.44211,81.407,252.47899999999998
2024-01-15,17,110.0,167.29,-116.84199999999998
2024-01-15,18,116.13,161.063,-127.816
2024-01-15,19,115.0,158.32,-72.41
2024-01-15,20,113.9,206.046,-83.16000000000001
2024-01-15,21,107.58229,156.018,-260.851
2024-01-15,22,104.31,153.016,-147.25300000000001
2024-01-15,23,101.68,157.123,-22.585999999999984
2024-01-15,24,91.39,139.101,-155.872
2024-01-16,1,86.58831,102.68,-131.449
2024-01-16,2,83.34,118.631,-370.13
2024-01-16,3,84.1,137.0,-367.028
2024-01-16,4,84.7,125.771,-355.09700000000004
2024-01-16,5,84.7,132.18,-201.901
2024-01-16,6,90.0,137.348,-137.714
2024-01-16,7,103.76848,140.012,-198.66000000000003
2024-01-16,8,117.0,165.921,-286.295
2024-01-16,9,141.11791,187.809,-363.058
2024-01-16,10,136.26696,185.341,-550.264
2024-01-16,11,120.46093,173.521,-528.437
2024-01-16,12,109.25941,162.352,-134.995
2024-01-16,13,101.16921,158.596,-22.528
2024-01-16,14,100.62671,81.538,69.31499999999998
2024-01-16,15,104.87055,143.731,-182.518
2024-01-16,16,111.03657,197.12,-145.13
2024-01-16,17,122.05,146.944,-109.52099999999999
2024-01-16,18,133.0,155.762,-73.72899999999998
2024-01-16,19,129.98158,79.922,36.916
2024-01-16,20,121.05,163.483,-171.161
2024-01-16,21,110.40919,148.893,-728.4449999999999
2024-01-16,22,105.0,197.426,-539.839
2024-01-16,23,100.86671,148.661,-296.658
2024-01-16,24,97.97296,167.91,-81.98299999999999
2024-01-17,1,86.75,129.104,-381.027
2024-01-17,2,85.5,126.536,-218.59
2024-01-17,3,82.4,134.655,-252.70599999999996
2024-01-17,4,80.0,138.501,-279.86699999999996
2024-01-17,5,82.4,134.977,-133.965
2024-01-17,6,85.9,128.673,-191.813
2024-01-17,7,98.9,72.131,20.67100000000005
2024-01-17,8,104.18,179.44,-193.76200000000003
2024-01-17,9,116.7498,151.92,-367.805
2024-01-17,10,114.46135,163.922,-562.849
2024-01-17,11,109.59758,170.146,-958.564
2024-01-17,12,110.31763,166.804,-915.211
2024-01-17,13,104.97503,159.09,-731.723
2024-01-17,14,103.41178,148.379,-465.164
2024-01-17,15,107.06157,152.472,-661.718
2024-01-17,16,113.11206,171.133,-558.237
2024-01-17,17,115.0,171.694,-402.98799999999994
2024-01-17,18,125.4,84.442,238.351
2024-01-17,19,120.0,87.276,283.26300000000003
2024-01-17,20,113.68582,86.589,332.03
2024-01-17,21,104.23,82.989,123.66
2024-01-17,22,100.1786,134.536,-10.782999999999987
2024-01-17,23,93.28313,61.146,276.356
2024-01-17,24,85.13999,61.355,17.340999999999994
2024-01-18,1,84.0,29.343,42.739999999999995
2024-01-18,2,81.6,107.438,-30.292
2024-01-18,3,78.0,7.714,34.534000000000006
2024-01-18,4,78.0,11.262,31.992999999999995
2024-01-18,5,75.95604,111.871,-10.776999999999997
2024-01-18,6,81.37145,138.696,-29.110000000000014
2024-01-18,7,99.0,-764.699,141.282
2024-01-18,8,112.70957,49.039,1.320999999999998
2024-01-18,9,125.0,81.341,176.714
2024-01-18,10,119.23073,79.931,225.747
2024-01-18,11,112.11555,82.454,68.48800000000001
2024-01-18,12,97.98925,76.301,127.305
2024-01-18,13,90.16064,72.196,18.661
2024-01-18,14,87.8814,77.693,222.02200000000005
2024-01-18,15,92.01,239.785,-17.23899999999999
2024-01-18,16,103.40414,103.40414,184.904
2024-01-18,17,106.6622,68.4,227.373
2024-01-18,18,114.20625,73.0,279.85499999999996
2024-01-18,19,110.0,93.46,307.29100000000005
2024-01-18,20,109.71,82.089,288.493
2024-01-18,21,103.32,46.819,282.692
2024-01-18,22,100.0,78.562,236.08100000000002
2024-01-18,23,91.47,70.004,431.295
2024-01-18,24,84.08,-417.142,374.03
2024-01-19,1,72.13,-17.368,461.539
2024-01-19,2,70.0,55.964,523.7520000000001
2024-01-19,3,66.49387,66.49387,329.0110000000001
2024-01-19,4,66.4,66.4,186.15699999999998
2024-01-19,5,69.16,35.621,181.242
2024-01-19,6,74.8,1.814,225.43200000000002
2024-01-19,7,90.83,28.543,763.049
2024-01-19,8,98.64,98.64,329.985
2024-01-19,9,117.68,290.14,-116.71
2024-01-19,10,110.0,86.068,56.289
2024-01-19,11,100.56,83.338,224.78099999999998
2024-01-19,12,96.43,77.493,134.072
2024-01-19,13,91.58072,133.979,-254.814
2024-01-19,14,93.09,134.755,-377.865
2024-01-19,15,95.63,145.995,-354.548
2024-01-19,16,99.05,179.344,-476.85299999999995
2024-01-19,17,101.36,170.517,-836.1329999999999
2024-01-19,18,107.67,165.827,-664.893
2024-01-19,19,107.17,152.926,-295.183
2024-01-19,20,106.95,188.3,-417.39
2024-01-19,21,99.03,177.902,-337.326
2024-01-19,22,98.49,148.0,-174.793
2024-01-19,23,96.0,65.476,2.6189999999999998
2024-01-19,24,92.9,57.943,76.725
2024-01-20,1,93.5,13.528,170.089
2024-01-20,2,85.4,95.185,-23.545
2024-01-20,3,77.75,144.589,-47.211999999999996
2024-01-20,4,76.93,30.955,56.785999999999994
2024-01-20,5,76.93,113.599,-16.731
2024-01-20,6,76.93,170.546,-130.358
2024-01-20,7,87.37,134.0,-177.12199999999999
2024-01-20,8,96.07,58.108,219.59700000000004
2024-01-20,9,100.0,70.636,314.797
2024-01-20,10,99.0,75.763,342.529
2024-01-20,11,95.92,-35.374,90.495
2024-01-20,12,92.49,28.361,354.592
2024-01-20,13,82.88,48.207,373.486
2024-01-20,14,77.75,17.984,577.842
2024-01-20,15,78.65,7.603,653.259
2024-01-20,16,90.85,20.694,613.117
2024-01-20,17,96.07,64.61,263.05300000000005
2024-01-20,18,105.0,12.671,212.69299999999998
2024-01-20,19,105.0,105.0,323.438
2024-01-20,20,105.6,79.56,441.83399999999995
2024-01-20,21,98.52,67.406,332.87
2024-01-20,22,92.91,68.578,112.779
2024-01-20,23,81.23,144.834,-107.35700000000001
2024-01-20,24,76.93,137.507,-21.16000000000001
2024-01-21,1,84.4,184.335,-77.99799999999999
2024-01-21,2,82.2,26.047,52.552
2024-01-21,3,75.03,19.642,42.766999999999996
2024-01-21,4,69.0,26.358,1.264999999999997
2024-01-21,5,70.0,126.449,-128.543
2024-01-21,6,69.0,164.262,-152.941
2024-01-21,7,73.0,159.596,-154.386
2024-01-21,8,90.0,161.396,-9.198999999999995
2024-01-21,9,93.59,32.425,270.111
2024-01-21,10,89.34,9.376,551.6779999999999
2024-01-21,11,69.35615,5.168,565.271
2024-01-21,12,62.89145,5.198,339.786
2024-01-21,13,60.33551,158.052,-338.413
2024-01-21,14,58.1183,146.541,-626.056
2024-01-21,15,65.1,140.484,-359.601
2024-01-21,16,88.38,12.658,30.523999999999997
2024-01-21,17,95.0,20.812,522.4599999999999
2024-01-21,18,98.81405,23.137,207.45199999999997
2024-01-21,19,101.87,3406.026,-11.134999999999998
2024-01-21,20,105.1,329.632,-193.753
2024-01-21,21,105.1,150.475,-161.391
2024-01-21,22,102.41,109.137,-297.43100000000004
2024-01-21,23,97.75,185.54,-182.347
2024-01-21,24,95.0,107.926,-170.14700000000002
2024-01-22,1,84.4,100.979,-96.82799999999999
2024-01-22,2,82.2,112.717,-15.801999999999996
2024-01-22,3,77.9,149.962,-167.365
2024-01-22,4,77.9,146.455,-218.66899999999998
2024-01-22,5,82.49,2.867,73.72999999999999
2024-01-22,6,95.68,155.0,-89.98400000000001
2024-01-22,7,106.0,171.182,-575.2539999999999
2024-01-22,8,114.5,173.669,-1001.711
2024-01-22,9,131.8,175.303,-992.7159999999999
2024-01-22,10,114.0,158.634,-345.291
2024-01-22,11,99.83,25.021,297.302
2024-01-22,12,97.73,78.187,127.179
2024-01-22,13,94.5,76.782,520.889
2024-01-22,14,95.0,77.197,548.118
2024-01-22,15,99.46,77.571,288.25199999999995
2024-01-22,16,113.41,79.672,5.913999999999987
2024-01-22,17,122.00407,172.866,-546.3779999999999
2024-01-22,18,131.8,168.841,-908.702
2024-01-22,19,119.75,165.542,-301.781
2024-01-22,20,114.5,45.808,129.486
2024-01-22,21,108.63,19.12,84.73400000000001
2024-01-22,22,99.83,136.552,-177.648
2024-01-22,23,97.46612,14.269,79.969
2024-01-22,24,90.01,135.935,-248.73300000000006
2024-01-23,1,75.9,776.592,-61.107
2024-01-23,2,72.0,39.131,77.709
2024-01-23,3,65.1,8.081,273.678
2024-01-23,4,65.1,9.551,119.86000000000001
2024-01-23,5,70.33,4.165,63.239999999999995
2024-01-23,6,79.32,9.232,237.57000000000002
2024-01-23,7,95.13,65.587,126.28399999999999
2024-01-23,8,104.11,58.813,66.70900000000003
2024-01-23,9,122.00354,83.762,24.045000000000005
2024-01-23,10,105.0,-3296.362,118.98399999999998
2024-01-23,11,96.45,-499.506,33.665000000000006
2024-01-23,12,90.0,80.584,379.39
2024-01-23,13,79.74703,15.333,234.091
2024-01-23,14,79.567,42.746,137.68499999999997
2024-01-23,15,85.87885,85.87885,27.478999999999985
2024-01-23,16,92.89909,72.049,24.829000000000008
2024-01-23,17,100.13,73.979,89.672
2024-01-23,18,105.98,78.233,214.65300000000002
2024-01-23,19,103.04,77.536,271.87800000000004
2024-01-23,20,101.61,76.615,244.256
2024-01-23,21,99.46,75.215,72.59100000000001
2024-01-23,22,97.66,138.885,-564.08
2024-01-23,23,94.1,125.192,-700.401
2024-01-23,24,89.44,131.482,-809.8400000000001
2024-01-24,1,76.4,131.413,-562.303
2024-01-24,2,69.0,128.372,-808.5699999999999
2024-01-24,3,65.7,124.139,-1031.849
2024-01-24,4,65.3,126.274,-495.991
2024-01-24,5,66.85,130.55,-95.78399999999999
2024-01-24,6,79.0,26.56,134.229
2024-01-24,7,97.01,177.847,-458.799
2024-01-24,8,122.0061,159.034,-679.55
2024-01-24,9,128.0,163.89,-835.3389999999999
2024-01-24,10,107.52,178.041,-379.807
2024-01-24,11,98.3,147.584,-223.22199999999998
2024-01-24,12,95.25,136.359,-357.658
2024-01-24,13,83.22628,134.158,-114.703
2024-01-24,14,84.97,56.63,81.93499999999999
2024-01-24,15,95.25,6.382,306.85400000000004
2024-01-24,16,101.0,239.956,-180.06
2024-01-24,17,111.88,198.608,-166.222
2024-01-24,18,125.53,199.516,-207.619
2024-01-24,19,123.54,156.055,-283.01599999999996
2024-01-24,20,119.27,65.579,71.755
2024-01-24,21,105.04,64.102,42.699
2024-01-24,22,101.94,62.298,371.257
2024-01-24,23,97.09,60.526,266.44500000000005
2024-01-24,24,94.0,51.099,221.071
2024-01-25,1,80.34,115.484,-15.38199999999999
2024-01-25,2,72.23,129.661,-8.835999999999999
2024-01-25,3,69.6,129.915,-25.939
2024-01-25,4,66.9,130.02,-88.931
2024-01-25,5,69.76,69.76,-238.67299999999997
2024-01-25,6,80.0,10.032,90.375
2024-01-25,7,96.19,140.658,-178.863
2024-01-25,8,106.13,161.087,-498.65500000000003
2024-01-25,9,124.23,167.332,-500.60900000000004
2024-01-25,10,106.3,175.543,-285.904
2024-01-25,11,94.19572,50.067,11.325999999999993
2024-01-25,12,89.10863,74.538,503.38800000000003
2024-01-25,13,78.212,-17.679,350.381
2024-01-25,14,78.39197,3.832,39.52099999999996
2024-01-25,15,89.67638,131.363,-245.03199999999998
2024-01-25,16,98.43,139.671,-15.629000000000005
2024-01-25,17,108.56,160.062,-138.815
2024-01-25,18,126.56,179.228,-370.784
2024-01-25,19,122.00018,173.254,-330.735
2024-01-25,20,120.0,161.35,-186.72899999999998
2024-01-25,21,106.13,170.222,-413.672
2024-01-25,22,99.89,208.233,-247.834
2024-01-25,23,96.82,162.216,-59.28799999999998
2024-01-25,24,95.68,138.279,-54.00199999999998
2024-01-26,1,93.8,139.374,-215.348
2024-01-26,2,88.89,132.352,-299.281
2024-01-26,3,85.8,134.246,-288.956
2024-01-26,4,83.0,126.254,-401.81600000000003
2024-01-26,5,85.0,129.282,-343.84999999999997
2024-01-26,6,90.01,134.196,-434.34
2024-01-26,7,99.3,160.783,-210.989
2024-01-26,8,120.05,184.192,-543.314
2024-01-26,9,135.0,184.576,-1014.143
2024-01-26,10,120.05,177.703,-745.459
2024-01-26,11,100.31,174.702,-222.438
2024-01-26,12,96.87346,164.359,-245.964
2024-01-26,13,86.44,148.679,-486.921
2024-01-26,14,87.52317,137.535,-1151.2359999999999
2024-01-26,15,95.01,138.008,-1100.952
2024-01-26,16,101.6558,155.153,-443.823
2024-01-26,17,117.45,177.405,-552.7950000000001
2024-01-26,18,128.0,182.071,-867.882
2024-01-26,19,119.99,185.21,-674.241
2024-01-26,20,115.0,179.213,-625.3560000000001
2024-01-26,21,101.24552,178.743,-275.8539999999999
2024-01-26,22,98.57,161.735,-237.392
2024-01-26,23,95.48,168.487,-361.40700000000004
2024-01-26,24,94.05,137.598,-175.20800000000003
2024-01-27,1,97.29,138.003,-103.264
2024-01-27,2,93.27,130.191,-352.54299999999995
2024-01-27,3,90.46,104.76,-136.413
2024-01-27,4,86.44,102.791,-156.21
2024-01-27,5,85.7,124.755,-287.982
2024-01-27,6,86.44,127.23,-302.574
2024-01-27,7,95.21,130.718,-246.28000000000003
2024-01-27,8,104.94,153.489,-178.17400000000004
2024-01-27,9,114.2,160.625,-340.53200000000004
2024-01-27,10,104.23,157.116,-345.408
2024-01-27,11,95.0,144.322,-66.87200000000001
2024-01-27,12,85.0,22.139,215.181
2024-01-27,13,70.57,-4.144,238.743
2024-01-27,14,70.19,138.99,-108.00699999999999
2024-01-27,15,71.95,124.967,-9.382999999999996
2024-01-27,16,78.34,1.983,22.648000000000025
2024-01-27,17,96.33,134.964,-85.64499999999998
2024-01-27,18,101.94,168.614,-310.158
2024-01-27,19,105.78,175.938,-382.577
2024-01-27,20,105.33,179.392,-72.184
2024-01-27,21,98.61,13.557,103.941
2024-01-27,22,97.29,32.489,112.60100000000001
2024-01-27,23,90.78,141.879,-43.607
2024-01-27,24,84.0,126.598,-162.47400000000002
2024-01-28,1,75.11,141.791,-168.171
2024-01-28,2,73.27,140.319,-209.573
2024-01-28,3,70.46,193.985,-4.765000000000001
2024-01-28,4,66.44,3.148,24.498
2024-01-28,5,61.93,1.706,25.253
2024-01-28,6,61.82058,142.874,-12.279000000000003
2024-01-28,7,70.4,27.47,41.86
2024-01-28,8,75.19,155.499,-44.277
2024-01-28,9,90.0,155.183,-4.707999999999998
2024-01-28,10,89.37,137.63,-100.407
2024-01-28,11,65.0,129.485,-355.947
2024-01-28,12,49.99,163.227,-136.463
2024-01-28,13,50.0,150.444,-337.04499999999996
2024-01-28,14,48.33318,126.676,-45.318000000000005
2024-01-28,15,67.08,5.512,329.55999999999995
2024-01-28,16,77.30454,14.016,104.274
2024-01-28,17,88.28622,1.097,111.93700000000001
2024-01-28,18,98.35821,157.717,-361.59799999999996
2024-01-28,19,100.0,173.085,-585.0360000000001
2024-01-28,20,100.56,157.747,-337.50000000000006
2024-01-28,21,97.44,192.531,-329.921
2024-01-28,22,97.0,165.182,-328.003
2024-01-28,23,90.93,167.082,-277.546
2024-01-28,24,75.11,-19.08,59.230000000000004
2024-01-29,1,75.11,29.31,133.652
2024-01-29,2,68.11,33.635,91.07499999999999
2024-01-29,3,70.46,138.489,-57.001
2024-01-29,4,66.44,154.5,-144.11599999999999
2024-01-29,5,62.77,130.552,-208.59300000000002
2024-01-29,6,78.8,177.998,-172.863
2024-01-29,7,96.78,189.148,-472.93
2024-01-29,8,103.14,174.796,-789.822
2024-01-29,9,126.2,148.838,-639.1850000000001
2024-01-29,10,105.0,153.307,-189.83799999999997
2024-01-29,11,98.61,53.241,163.385
2024-01-29,12,95.96789,69.356,49.0
2024-01-29,13,90.11,-419.444,228.202
2024-01-29,14,90.5,-1188.196,328.886
2024-01-29,15,96.0,6.714,475.147
2024-01-29,16,100.42531,73.785,104.89900000000003
2024-01-29,17,109.78,196.69,-242.48299999999998
2024-01-29,18,126.3,193.355,-399.788
2024-01-29,19,120.69,176.58,-246.297
2024-01-29,20,113.28,161.195,-283.158
2024-01-29,21,101.0,163.686,-431.57500000000005
2024-01-29,22,99.0,159.326,-210.345
2024-01-29,23,96.21,133.334,-203.834
2024-01-29,24,92.52,137.022,-131.371
2024-01-30,1,84.7,62.976,149.579
2024-01-30,2,83.03,131.444,-15.152999999999999
2024-01-30,3,78.34,131.765,-136.011
2024-01-30,4,79.91,131.715,-229.88
2024-01-30,5,83.03,134.121,-106.912
2024-01-30,6,83.78,141.078,-7.993000000000009
2024-01-30,7,97.8,155.301,-289.86600000000004
2024-01-30,8,107.61,169.875,-446.913
2024-01-30,9,127.01,329.563,-73.05
2024-01-30,10,110.16,82.093,100.63900000000001
2024-01-30,11,100.0,153.323,-73.281
2024-01-30,12,95.5,79.36,107.12
2024-01-30,13,84.0,107.108,-249.869
2024-01-30,14,84.0,133.441,-168.214
2024-01-30,15,94.52,64.364,6.763000000000005
2024-01-30,16,100.0,75.254,223.08400000000003
2024-01-30,17,110.0,187.857,-71.686
2024-01-30,18,124.34,169.58,-288.688
2024-01-30,19,123.69,175.872,-466.667
2024-01-30,20,118.14,173.625,-278.382
2024-01-30,21,108.14343,169.309,-372.93100000000004
2024-01-30,22,102.02,201.315,-456.987
2024-01-30,23,98.0,145.457,-371.954
2024-01-30,24,96.78,137.483,-174.273
2024-01-31,1,95.2,42.238,43.381
2024-01-31,2,95.2,27.457,11.951999999999998
2024-01-31,3,85.52,129.402,-102.197
2024-01-31,4,89.81,39.894,39.553
2024-01-31,5,91.03,65.398,41.313
2024-01-31,6,95.13,135.938,-127.77
2024-01-31,7,103.37,143.536,-217.91800000000003
2024-01-31,8,111.76,172.146,-290.751
2024-01-31,9,123.39974,176.958,-238.13000000000002
2024-01-31,10,115.63,78.729,161.76500000000001
2024-01-31,11,99.38,17.121,511.01
2024-01-31,12,94.73,67.502,430.091
2024-01-31,13,80.5,140.273,-319.61699999999996
2024-01-31,14,79.99,120.606,-548.793
2024-01-31,15,89.5,60.215,144.246
2024-01-31,16,97.53,67.841,97.44099999999999
2024-01-31,17,103.58,79.705,90.97199999999998
2024-01-31,18,116.52,32.147,13.364999999999995
2024-01-31,19,115.0,180.004,-604.047
2024-01-31,20,117.15,171.178,-497.9560000000001
2024-01-31,21,105.0,164.907,-237.73
2024-01-31,22,101.37,5.709,48.13499999999999
2024-01-31,23,99.38,37.444,230.25100000000003
2024-01-31,24,96.2,7.602,398.376
2024-02-01,1,94.0,55.586,123.253
2024-02-01,2,87.32,95.1,-53.869
2024-02-01,3,83.68,91.926,-129.799
2024-02-01,4,79.56,8250.343,-185.83100000000002
2024-02-01,5,83.8,96.788,-80.533
2024-02-01,6,91.8,131.956,-69.404
2024-02-01,7,99.47,139.342,-381.963
2024-02-01,8,107.68107,157.981,-340.557
2024-02-01,9,119.02,151.914,-11.501000000000007
2024-02-01,10,103.18,149.792,-368.481
2024-02-01,11,98.7,138.323,-1018.344
2024-02-01,12,97.28,135.455,-1370.788
2024-02-01,13,94.33,133.539,-1425.5
2024-02-01,14,90.79,129.018,-1170.8319999999999
2024-02-01,15,97.53,131.785,-871.5260000000001
2024-02-01,16,99.02,148.778,-355.431
2024-02-01,17,102.56,84.529,149.198
2024-02-01,18,110.49,176.119,-302.635
2024-02-01,19,119.0,186.398,-284.292
2024-02-01,20,121.0,187.412,-411.552
2024-02-01,21,110.66907,174.949,-214.96699999999996
2024-02-01,22,105.18,61.843,26.376000000000005
2024-02-01,23,99.48,63.024,191.881
2024-02-01,24,98.0,136.795,-21.370999999999995
2024-02-02,1,101.0,74.847,120.66099999999999
2024-02-02,2,100.05,78.85,140.41500000000002
2024-02-02,3,99.82,48.422,313.465
2024-02-02,4,98.9,66.864,224.279
2024-02-02,5,94.52,66.844,361.617
2024-02-02,6,99.82,47.811,208.84299999999996
2024-02-02,7,105.0,10.149,42.923
2024-02-02,8,135.0,73.697,38.20399999999998
2024-02-02,9,150.0,82.827,193.39200000000002
2024-02-02,10,119.19,84.442,630.73
2024-02-02,11,95.44056,80.745,749.6279999999999
2024-02-02,12,92.12043,81.563,360.843
2024-02-02,13,83.5946,52.974,295.33799999999997
2024-02-02,14,83.73474,64.513,322.314
2024-02-02,15,92.6254,69.476,692.67
2024-02-02,16,97.4878,48.135,443.105
2024-02-02,17,106.41,78.307,94.51000000000002
2024-02-02,18,118.59,179.673,-429.541
2024-02-02,19,121.52,182.632,-290.577
2024-02-02,20,120.0,89.051,294.454
2024-02-02,21,109.0,-92.919,156.44799999999998
2024-02-02,22,100.96,79.556,201.726
2024-02-02,23,99.82,84.488,373.105
2024-02-02,24,90.95,-2347.584,39.324999999999974
2024-02-03,1,91.09,128.99,-243.37
2024-02-03,2,88.25,129.38,-280.558
2024-02-03,3,83.0,132.092,-174.374
2024-02-03,4,76.5,139.536,-45.995000000000005
2024-02-03,5,76.5,130.899,-121.52900000000001
2024-02-03,6,78.7,132.542,-145.66899999999998
2024-02-03,7,98.09,136.641,-46.733999999999995
2024-02-03,8,103.17,143.064,-186.478
2024-02-03,9,105.0,152.893,-197.664
2024-02-03,10,100.0,-1824.977,32.912000000000035
2024-02-03,11,94.18,-4139.277,353.46500000000003
2024-02-03,12,75.72,-56.565,537.5039999999999
2024-02-03,13,65.29,3.758,287.198
2024-02-03,14,65.05,0.119,188.60000000000002
2024-02-03,15,59.97,2.739,111.01799999999999
2024-02-03,16,74.0,142.08,-45.974999999999994
2024-02-03,17,97.3,148.341,-79.32300000000001
2024-02-03,18,104.94249,250.21,-261.729
2024-02-03,19,110.84025,186.619,-289.658
2024-02-03,20,111.14426,179.507,-203.618
2024-02-03,21,104.33,128.271,-109.93200000000002
2024-02-03,22,99.34,126.378,-46.91600000000001
2024-02-03,23,94.53,141.052,-19.01600000000002
2024-02-03,24,85.1,131.86,-118.96299999999998
2024-02-04,1,85.85,137.86,-88.56199999999998
2024-02-04,2,85.0,199.026,-303.426
2024-02-04,3,77.13,201.6,-32.987
2024-02-04,4,71.01,199.201,-52.437
2024-02-04,5,70.0,200.686,-46.429
2024-02-04,6,66.36,151.844,-59.474999999999994
2024-02-04,7,77.13,158.638,-129.888
2024-02-04,8,86.15,-4627.162,130.583
2024-02-04,9,95.5,45.492,16.56
2024-02-04,10,84.5,15.787,165.281
2024-02-04,11,60.0,6.698,153.719
2024-02-04,12,48.12,-45.772,376.442
2024-02-04,13,45.0,-24.648,161.484
2024-02-04,14,55.27,-5.425,147.018
2024-02-04,15,67.3,-25.489,40.406
2024-02-04,16,85.0,158.625,-37.93900000000001
2024-02-04,17,97.0,26.28,477.88800000000003
2024-02-04,18,101.68,-2.183,243.42000000000004
2024-02-04,19,105.0,148.444,-105.99300000000001
2024-02-04,20,111.0,69.794,13.719999999999999
2024-02-04,21,107.12,143.15,-132.278
2024-02-04,22,100.0,-2287.39,4.682000000000002
2024-02-04,23,97.15,38.936,64.24
2024-02-04,24,85.0,-2191.477,67.341
2024-02-05,1,80.93,-955.187,289.348
2024-02-05,2,79.7,45.225,290.187
2024-02-05,3,70.27,17.609,131.821
2024-02-05,4,70.3,196.362,-49.254
2024-02-05,5,70.0,-805.678,83.993
2024-02-05,6,74.37,-125.904,13.56800000000004
2024-02-05,7,100.58,186.147,-169.90299999999996
2024-02-05,8,110.0,192.322,-535.827
2024-02-05,9,120.0,-73.682,23.796
2024-02-05,10,104.17409,84.801,220.60199999999998
2024-02-05,11,98.91813,79.856,900.7370000000001
2024-02-05,12,94.51509,53.929,1268.48
2024-02-05,13,86.53889,9.159,1164.888
2024-02-05,14,86.11561,38.849,1168.5269999999998
2024-02-05,15,93.47126,42.752,1500.506
2024-02-05,16,98.23,75.007,1107.6399999999999
2024-02-05,17,105.21,77.329,232.98000000000002
2024-02-05,18,110.57,-71.273,256.277
2024-02-05,19,116.0,68.666,468.538
2024-02-05,20,111.38,52.385,254.732
2024-02-05,21,100.87,210.268,-138.81199999999998
2024-02-05,22,100.0,135.618,-145.691
2024-02-05,23,97.49,129.173,-67.09100000000001
2024-02-05,24,90.0,136.839,-193.89399999999998
2024-02-06,1,83.85,-4.734,37.391000000000005
2024-02-06,2,78.5,22.924,162.539
2024-02-06,3,72.6,27.518,85.15700000000001
2024-02-06,4,72.25,130.473,-81.263
2024-02-06,5,73.08,127.608,-38.419
2024-02-06,6,83.03,-305.778,125.33700000000002
2024-02-06,7,99.36,155.526,-56.76200000000006
2024-02-06,8,107.52,172.234,-471.113
2024-02-06,9,114.93,174.578,-281.418
2024-02-06,10,108.97,175.26,-1042.287
2024-02-06,11,99.35482,164.961,-1107.509
2024-02-06,12,92.74383,146.945,-1102.02
2024-02-06,13,86.29506,163.368,-646.267
2024-02-06,14,82.23109,159.411,-408.754
2024-02-06,15,92.5,140.664,-754.979
2024-02-06,16,98.42,137.227,-221.202
2024-02-06,17,105.0,83.985,152.51
2024-02-06,18,114.42,77.973,148.448
2024-02-06,19,120.0,176.091,-17.790000000000006
2024-02-06,20,117.0,180.662,-460.83600000000007
2024-02-06,21,109.32,184.391,-157.467
2024-02-06,22,101.1,175.492,-171.68999999999994
2024-02-06,23,98.0,162.606,-37.23700000000002
2024-02-06,24,91.72,179.043,-278.80600000000004
2024-02-07,1,90.27,12.102,41.574000000000005
2024-02-07,2,86.25,8.857,93.39699999999999
2024-02-07,3,85.76,36.333,64.631
2024-02-07,4,85.96,37.123,236.43
2024-02-07,5,85.96,63.174,86.452
2024-02-07,6,87.18,75.115,255.333
2024-02-07,7,99.99,34.462,100.60399999999998
2024-02-07,8,120.99037,71.757,121.48799999999997
2024-02-07,9,153.04499,80.788,70.53999999999999
2024-02-07,10,140.63813,172.954,-244.45800000000003
2024-02-07,11,110.67516,190.471,-996.224
2024-02-07,12,100.18412,188.262,-930.531
2024-02-07,13,96.3538,129.976,-100.68
2024-02-07,14,95.15939,115.072,-157.829
2024-02-07,15,97.21476,139.571,-775.1859999999999
2024-02-07,16,99.89746,169.847,-374.058
2024-02-07,17,115.0,168.318,-106.603
2024-02-07,18,131.48,85.849,73.228
2024-02-07,19,140.0,82.903,253.7
2024-02-07,20,131.48,76.341,222.807
2024-02-07,21,117.55,164.225,-16.202999999999975
2024-02-07,22,100.43,78.616,192.752
2024-02-07,23,97.0,79.496,230.07799999999997
2024-02-07,24,96.55,38.327,444.789
2024-02-08,1,77.17,19.361,130.917
2024-02-08,2,73.20403,5.37,205.095
2024-02-08,3,72.1527,57.504,226.641
2024-02-08,4,70.25072,15.101,180.16299999999998
2024-02-08,5,70.81,112.719,-42.23
2024-02-08,6,76.5,19.405,56.396000000000015
2024-02-08,7,96.1,142.857,-415.702
2024-02-08,8,106.82,169.522,-324.037
2024-02-08,9,125.94,164.841,-19.255999999999997
2024-02-08,10,109.61705,73.055,364.832
2024-02-08,11,96.26427,75.946,311.538
2024-02-08,12,89.32555,131.957,-100.768
2024-02-08,13,83.28647,131.155,-245.36099999999996
2024-02-08,14,79.50255,138.736,-202.24200000000002
2024-02-08,15,89.23195,144.259,-108.477
2024-02-08,16,95.34501,135.352,-370.96299999999997
2024-02-08,17,100.0,160.899,-230.937
2024-02-08,18,114.0,167.259,-76.743
2024-02-08,19,127.39,81.322,435.666
2024-02-08,20,120.37,-584.615,155.53300000000002
2024-02-08,21,105.0,65.241,6.367000000000004
2024-02-08,22,98.0,78.531,108.959
2024-02-08,23,94.49,76.472,263.954
2024-02-08,24,83.37,-72.248,208.676
2024-02-09,1,85.27,-4.751,298.60999999999996
2024-02-09,2,75.05,17.601,145.212
2024-02-09,3,73.84,19.358,118.22300000000001
2024-02-09,4,71.59,19.113,277.26
2024-02-09,5,71.73,18.459,238.686
2024-02-09,6,76.73,4.484,391.291
2024-02-09,7,95.76,67.921,45.781000000000006
2024-02-09,8,101.0,154.55,-236.247
2024-02-09,9,109.2,163.78,-383.382
2024-02-09,10,102.52,168.88,-687.1659999999999
2024-02-09,11,97.38932,175.548,-847.3620000000001
2024-02-09,12,91.54425,175.728,-942.199
2024-02-09,13,88.56153,157.728,-655.671
2024-02-09,14,91.43646,149.358,-856.498
2024-02-09,15,96.73427,162.239,-1154.322
2024-02-09,16,98.0,169.489,-632.871
2024-02-09,17,103.58,177.102,-688.211
2024-02-09,18,101.21,161.121,-628.251
2024-02-09,19,110.11,272.559,-728.078
2024-02-09,20,102.35,162.234,-692.871
2024-02-09,21,98.1,159.693,-159.25500000000005
2024-02-09,22,96.6,191.795,-146.392
2024-02-09,23,86.07,173.966,-217.93299999999996
2024-02-09,24,77.1,147.056,-174.358
2024-02-10,1,91.1,130.653,-338.969
2024-02-10,2,81.9,-20.988,85.188
2024-02-10,3,71.13,15.112,192.897
2024-02-10,4,64.38763,6.061,258.522
2024-02-10,5,64.41364,49.818,34.573
2024-02-10,6,65.81881,43.315,108.54400000000001
2024-02-10,7,78.0,19.012,80.694
2024-02-10,8,95.07,169.249,-51.95099999999999
2024-02-10,9,97.0,165.428,-157.529
2024-02-10,10,96.98,162.885,-394.529
2024-02-10,11,95.19883,168.451,-944.767
2024-02-10,12,85.84,168.15,-1049.998
2024-02-10,13,81.4,158.373,-903.182
2024-02-10,14,70.0,141.233,-741.539
2024-02-10,15,69.53398,141.33,-568.7130000000001
2024-02-10,16,79.9,139.316,-546.421
2024-02-10,17,85.32,139.122,-530.982
2024-02-10,18,95.22,146.376,-762.7940000000001
2024-02-10,19,97.97,154.149,-311.078
2024-02-10,20,99.2,150.837,-468.60200000000003
2024-02-10,21,95.93,142.249,-180.949
2024-02-10,22,90.0,140.954,-121.254
2024-02-10,23,72.2,1.295,131.817
2024-02-10,24,65.29,0.029,29.762000000000008
2024-02-11,1,60.48477,-3.471,236.49
2024-02-11,2,55.65679,26.021,126.24600000000001
2024-02-11,3,52.60093,7.747,148.11900000000003
2024-02-11,4,46.82558,15.006,636.164
2024-02-11,5,43.4016,18.207,504.219
2024-02-11,6,46.12373,1.345,423.28000000000003
2024-02-11,7,49.21814,0.172,274.286
2024-02-11,8,65.0,-103.144,574.191
2024-02-11,9,70.0,-29.602,421.42600000000004
2024-02-11,10,73.84,5.386,457.98300000000006
2024-02-11,11,74.5,0.95,282.755
2024-02-11,12,64.24596,-0.121,104.50300000000001
2024-02-11,13,60.49639,0.368,77.52199999999999
2024-02-11,14,55.23588,0.0,164.50599999999997
2024-02-11,15,56.16633,2.1,341.525
2024-02-11,16,60.74,0.0,735.009
2024-02-11,17,83.91,0.0,577.335
2024-02-11,18,92.18,174.019,-43.736999999999995
2024-02-11,19,95.29,185.105,-140.857
2024-02-11,20,97.4,148.19,-46.665000000000006
2024-02-11,21,95.69,77.771,63.397000000000006
2024-02-11,22,94.61,53.186,160.312
2024-02-11,23,86.0,16.544,158.381
2024-02-11,24,70.0,41.321,101.43699999999998
2024-02-12,1,64.34652,16.502,262.174
2024-02-12,2,61.87346,61.873,191.113
2024-02-12,3,61.00578,9.085,269.324
2024-02-12,4,59.75026,59.75,202.424
2024-02-12,5,59.2127,59.2127,156.005
2024-02-12,6,65.0,65.0,58.98599999999999
2024-02-12,7,94.06,94.06,170.97699999999995
2024-02-12,8,101.76,64.466,456.717
2024-02-12,9,117.76,74.185,336.958
2024-02-12,10,109.49734,83.625,511.2950000000001
2024-02-12,11,101.22,72.723,916.8520000000001
2024-02-12,12,97.40508,74.762,928.3809999999999
2024-02-12,13,93.43,65.468,1112.745
2024-02-12,14,93.43,45.981,870.7859999999998
2024-02-12,15,95.19,52.597,641.174
2024-02-12,16,101.14,69.236,736.96
2024-02-12,17,110.0,76.215,627.0930000000001
2024-02-12,18,112.95,73.128,104.376
2024-02-12,19,117.17,157.168,-154.10500000000002
2024-02-12,20,115.71,161.636,-69.21999999999998
2024-02-12,21,110.0,71.839,458.266
2024-02-12,22,101.24,74.818,285.092
2024-02-12,23,97.0,44.611,107.82
2024-02-12,24,93.43,79.252,96.00000000000001
2024-02-13,1,90.0,136.003,-263.697
2024-02-13,2,84.58,134.744,-276.426
2024-02-13,3,83.0,125.593,-180.511
2024-02-13,4,82.12,131.866,-165.74
2024-02-13,5,84.69,130.0,-154.554
2024-02-13,6,89.0,138.12,-192.334
2024-02-13,7,95.0,167.861,-361.256
2024-02-13,8,100.66,166.361,-693.451
2024-02-13,9,122.8,180.672,-455.88300000000004
2024-02-13,10,102.92,-2.953,311.603
2024-02-13,11,92.94,-10.452,295.266
2024-02-13,12,85.0,73.976,144.35899999999998
2024-02-13,13,65.0,21.903,560.716
2024-02-13,14,63.8,35.707,1084.13
2024-02-13,15,72.65,38.621,1011.29
2024-02-13,16,81.22064,61.743,1012.0780000000001
2024-02-13,17,93.93,43.033,868.813
2024-02-13,18,99.3351,56.793,282.49899999999997
2024-02-13,19,104.46,171.994,-94.21799999999999
2024-02-13,20,98.1288,172.484,-157.712
2024-02-13,21,94.0,168.516,-130.70100000000002
2024-02-13,22,93.43,-70.223,13.777000000000015
2024-02-13,23,85.0,57.598,190.45
2024-02-13,24,76.0,24.198,0.3990000000000009
2024-02-14,1,71.95,25.86,60.074999999999996
2024-02-14,2,64.58,126.701,-48.44600000000001
2024-02-14,3,60.96,126.711,-46.977000000000004
2024-02-14,4,58.9,121.651,-37.355999999999995
2024-02-14,5,58.9,127.07,-201.06199999999998
2024-02-14,6,68.77825,135.863,-207.43200000000002
2024-02-14,7,92.06,156.43,-317.073
2024-02-14,8,102.93,160.249,-296.752
2024-02-14,9,111.81,-785.462,250.658
2024-02-14,10,99.84371,-1755.482,697.141
2024-02-14,11,80.64013,56.963,957.731
2024-02-14,12,63.62543,63.62543,632.725
2024-02-14,13,43.60435,43.60435,555.0120000000001
2024-02-14,14,45.82904,43.861,446.52099999999996
2024-02-14,15,71.82487,31.904,566.529
2024-02-14,16,86.75373,49.564,819.063
2024-02-14,17,103.93,59.47,548.9879999999999
2024-02-14,18,129.34,74.468,662.9390000000001
2024-02-14,19,127.93,79.817,144.15500000000003
2024-02-14,20,128.13,155.814,-306.027
2024-02-14,21,111.0,67.663,165.83299999999997
2024-02-14,22,98.07,61.518,258.193
2024-02-14,23,92.77,65.161,195.21200000000005
2024-02-14,24,92.0,141.526,-91.754
2024-02-15,1,80.6,125.759,-104.842
2024-02-15,2,72.19,127.586,-89.822
2024-02-15,3,70.95,121.61,-111.839
2024-02-15,4,70.95,27.524,100.184
2024-02-15,5,70.95,1.599,94.09899999999999
2024-02-15,6,78.27,5.44,469.64399999999995
2024-02-15,7,91.42,136.503,-37.94499999999999
2024-02-15,8,110.0,159.764,-103.66000000000001
2024-02-15,9,128.02398,73.187,315.807
2024-02-15,10,109.16132,52.34,540.083
2024-02-15,11,91.58,52.437,896.549
2024-02-15,12,85.0,51.087,730.132
2024-02-15,13,72.53,32.197,494.863
2024-02-15,14,75.0,26.695,408.455
2024-02-15,15,83.46,49.467,502.18199999999996
2024-02-15,16,93.40797,67.104,370.75600000000003
2024-02-15,17,98.0,67.506,23.391000000000005
2024-02-15,18,112.85,67.549,176.08100000000002
2024-02-15,19,115.0,163.378,-45.419
2024-02-15,20,118.7,221.337,-205.973
2024-02-15,21,104.08,151.975,-231.356
2024-02-15,22,91.78,136.234,-418.03999999999996
2024-02-15,23,91.28,138.188,-437.417
2024-02-15,24,89.0,133.248,-116.623
2024-02-16,1,87.32,119.242,-424.681
2024-02-16,2,81.62,117.831,-352.732
2024-02-16,3,79.9,105.382,-305.46799999999996
2024-02-16,4,78.32,124.705,-429.43399999999997
2024-02-16,5,78.32,110.391,-150.676
2024-02-16,6,82.86,108.237,-110.002
2024-02-16,7,89.93,144.851,-116.59199999999998
2024-02-16,8,99.07,148.124,-188.172
2024-02-16,9,110.27,151.549,-113.35
2024-02-16,10,97.79,-160.132,271.524
2024-02-16,11,89.21,74.279,281.80600000000004
2024-02-16,12,84.21,72.52,106.971
2024-02-16,13,75.72,20.687,16.25499999999998
2024-02-16,14,75.72,66.088,162.09400000000002
2024-02-16,15,84.21,72.689,367.288
2024-02-16,16,88.99,67.266,8.322999999999993
2024-02-16,17,94.0,139.148,-200.473
2024-02-16,18,101.13,151.455,-324.69399999999996
2024-02-16,19,109.7,152.013,-559.0319999999999
2024-02-16,20,110.0,145.374,-206.05200000000002
2024-02-16,21,97.2,172.575,-108.601
2024-02-16,22,90.36497,54.414,41.43699999999998
2024-02-16,23,90.0,134.311,-41.229
2024-02-16,24,88.88,47.924,37.30400000000003
2024-02-17,1,88.38,126.353,-286.538
2024-02-17,2,88.0,121.219,-123.493
2024-02-17,3,80.2,121.066,-194.04500000000002
2024-02-17,4,75.82,124.028,-160.04500000000002
2024-02-17,5,79.73,125.417,-118.536
2024-02-17,6,80.0,124.753,-73.67599999999999
2024-02-17,7,90.0,133.416,-225.695
2024-02-17,8,102.25,129.304,-160.91899999999998
2024-02-17,9,100.0,59.902,24.012
2024-02-17,10,90.48,144.321,-82.57799999999999
2024-02-17,11,84.0,42.826,160.81300000000002
2024-02-17,12,67.74,19.245,93.851
2024-02-17,13,61.6,12.46,346.182
2024-02-17,14,55.29,2.391,434.462
2024-02-17,15,59.09376,1.465,484.44100000000003
2024-02-17,16,68.0,1.845,185.16299999999998
2024-02-17,17,88.45,140.838,-154.185
2024-02-17,18,102.62,140.518,-344.625
2024-02-17,19,119.7,140.484,-671.925
2024-02-17,20,120.0,148.858,-470.30999999999995
2024-02-17,21,111.97,174.867,-238.32799999999997
2024-02-17,22,100.0,137.729,-345.64300000000003
2024-02-17,23,90.0,135.542,-437.261
2024-02-17,24,88.73,133.901,-398.85900000000004
2024-02-18,1,90.0,138.472,-463.84899999999993
2024-02-18,2,88.48,135.995,-531.5219999999999
2024-02-18,3,85.92,123.438,-313.963
2024-02-18,4,80.2,123.805,-330.76199999999994
2024-02-18,5,77.69,123.719,-393.99700000000007
2024-02-18,6,84.51,125.594,-367.76
2024-02-18,7,86.92,126.588,-459.105
2024-02-18,8,87.17,124.935,-508.12600000000003
2024-02-18,9,86.63,126.841,-295.671
2024-02-18,10,81.0,127.687,-113.01499999999999
2024-02-18,11,70.0,-0.216,71.52100000000002
2024-02-18,12,70.0,150.673,-94.19800000000001
2024-02-18,13,70.0,158.013,-144.061
2024-02-18,14,64.41,2.923,43.52
2024-02-18,15,59.59,141.981,-79.53999999999998
2024-02-18,16,52.56531,132.401,-719.44
2024-02-18,17,80.76,127.785,-674.113
2024-02-18,18,92.0,129.562,-196.083
2024-02-18,19,105.67,144.061,-317.148
2024-02-18,20,113.77,148.709,-261.457
2024-02-18,21,106.25,134.349,-321.62600000000003
2024-02-18,22,96.96,129.463,-429.58399999999995
2024-02-18,23,91.57,127.329,-157.089
2024-02-18,24,88.0,50.828,13.67400000000002
2024-02-19,1,85.0,48.377,78.29899999999999
2024-02-19,2,77.33,17.001,51.474999999999994
2024-02-19,3,70.0,-1.457,38.821
2024-02-19,4,61.86,7.979,19.9
2024-02-19,5,59.5,7.165,13.415000000000006
2024-02-19,6,77.9,202.381,-123.49400000000001
2024-02-19,7,91.0,152.898,-542.5989999999999
2024-02-19,8,98.57,164.808,-573.962
2024-02-19,9,114.56,135.974,-526.472
2024-02-19,10,105.0,134.455,-119.53599999999999
2024-02-19,11,92.57,45.231,560.583
2024-02-19,12,88.88,46.81,1007.46
2024-02-19,13,80.0,50.112,922.047
2024-02-19,14,81.54,60.729,784.798
2024-02-19,15,88.88,60.613,441.225
2024-02-19,16,91.13,38.42,199.20700000000002
2024-02-19,17,96.88,42.145,220.25099999999998
2024-02-19,18,109.2,63.797,90.13299999999997
2024-02-19,19,116.5,162.321,-185.76399999999998
2024-02-19,20,118.77,73.745,56.92100000000001
2024-02-19,21,103.28,183.313,-205.73199999999997
2024-02-19,22,91.66,147.263,-458.379
2024-02-19,23,88.82,129.275,-294.97999999999996
2024-02-19,24,85.0,122.191,-194.72800000000004
2024-02-20,1,79.3,44.05,110.959
2024-02-20,2,69.5,119.325,-121.27199999999999
2024-02-20,3,57.16,132.581,-60.55500000000001
2024-02-20,4,57.16,129.801,-141.056
2024-02-20,5,59.9,59.9,-80.28999999999999
2024-02-20,6,78.55617,138.799,-90.34599999999999
2024-02-20,7,89.0,128.879,-176.655
2024-02-20,8,97.3,153.274,-186.574
2024-02-20,9,110.58,136.903,-94.025
2024-02-20,10,95.35,34.957,236.411
2024-02-20,11,88.88,30.084,128.485
2024-02-20,12,80.2,21.736,397.302
2024-02-20,13,72.5,57.133,422.36
2024-02-20,14,70.87,39.143,225.78199999999998
2024-02-20,15,79.15,33.747,219.022
2024-02-20,16,87.0,38.217,256.107
2024-02-20,17,91.66,47.315,124.60799999999996
2024-02-20,18,99.5,62.293,188.853
2024-02-20,19,110.47,62.539,158.333
2024-02-20,20,105.0,61.159,186.59
2024-02-20,21,94.0,150.171,-31.878999999999998
2024-02-20,22,89.0,48.016,71.85
2024-02-20,23,86.08,140.048,-136.42800000000003
2024-02-20,24,80.13,-59.393,9.515999999999991
2024-02-21,1,75.04,40.031,45.574
2024-02-21,2,66.8,123.908,-54.05000000000001
2024-02-21,3,60.0,63.214,-48.535
2024-02-21,4,60.75,126.32,-95.086
2024-02-21,5,70.87,97.635,-22.216
2024-02-21,6,81.44,139.954,-116.588
2024-02-21,7,90.0,137.539,-179.16400000000004
2024-02-21,8,100.0,160.83,-606.5989999999999
2024-02-21,9,103.95,165.067,-32.962999999999994
2024-02-21,10,90.0,53.488,327.005
2024-02-21,11,84.91,70.519,224.885
2024-02-21,12,62.9,29.641,178.75900000000001
2024-02-21,13,53.00768,18.598,222.832
2024-02-21,14,54.1,15.885,25.278999999999982
2024-02-21,15,71.84,120.405,-193.017
2024-02-21,16,86.1,131.224,-216.29399999999998
2024-02-21,17,89.55,161.714,-342.826
2024-02-21,18,104.0,151.087,-53.992999999999995
2024-02-21,19,118.61,158.936,-329.37699999999995
2024-02-21,20,116.25642,156.366,-233.43600000000004
2024-02-21,21,96.87421,173.157,-349.9189999999999
2024-02-21,22,90.0,161.467,-261.59499999999997
2024-02-21,23,88.36,143.032,-184.70599999999996
2024-02-21,24,86.84,140.516,-235.941
2024-02-22,1,78.92189,26.888,134.75900000000001
2024-02-22,2,72.38666,36.616,66.569
2024-02-22,3,66.0,43.222,194.015
2024-02-22,4,65.77132,17.056,174.70499999999998
2024-02-22,5,73.23,16.273,75.286
2024-02-22,6,80.97,151.586,-42.232
2024-02-22,7,90.0,136.706,-201.35399999999996
2024-02-22,8,116.59321,154.469,-280.576
2024-02-22,9,145.65306,159.081,-307.991
2024-02-22,10,145.08292,152.314,-387.266
2024-02-22,11,96.22255,155.187,-449.83799999999997
2024-02-22,12,85.93725,140.371,-1214.3400000000001
2024-02-22,13,78.72052,140.792,-870.797
2024-02-22,14,79.86301,146.641,-412.448
2024-02-22,15,84.89667,153.88,-357.676
2024-02-22,16,92.75424,148.662,-642.703
2024-02-22,17,90.68,150.198,-620.304
2024-02-22,18,95.78,142.269,-769.634
2024-02-22,19,103.34,137.66,-672.367
2024-02-22,20,97.61,135.916,-290.773
2024-02-22,21,88.42,131.724,-181.39900000000003
2024-02-22,22,85.68,133.174,-275.95399999999995
2024-02-22,23,81.1,130.169,-34.61099999999999
2024-02-22,24,70.6,21.058,35.14700000000002
2024-02-23,1,60.59,125.359,-98.62100000000001
2024-02-23,2,52.31,52.31,75.18
2024-02-23,3,46.0,124.526,-89.67300000000002
2024-02-23,4,46.0,10.174,22.679000000000006
2024-02-23,5,49.99,10.154,20.973999999999997
2024-02-23,6,55.4,126.57,-93.34
2024-02-23,7,83.12,135.434,-550.375
2024-02-23,8,91.76,151.307,-528.3199999999999
2024-02-23,9,100.23,166.82,-1166.899
2024-02-23,10,97.70493,167.356,-1517.724
2024-02-23,11,90.83296,163.248,-1911.004
2024-02-23,12,83.90194,155.524,-1843.944
2024-02-23,13,79.51433,141.426,-1297.445
2024-02-23,14,77.01942,136.518,-994.035
2024-02-23,15,83.82026,140.689,-833.53
2024-02-23,16,86.77,145.716,-780.9200000000001
2024-02-23,17,90.0,149.103,-659.5419999999999
2024-02-23,18,92.08,148.673,-799.0229999999999
2024-02-23,19,103.68,150.038,-553.246
2024-02-23,20,101.63,147.22,-531.286
2024-02-23,21,91.76,144.499,-363.704
2024-02-23,22,85.73,132.644,-127.59200000000001
2024-02-23,23,73.89,123.697,-55.753
2024-02-23,24,65.1,139.512,-189.63400000000001
2024-02-24,1,66.46545,26.867,324.071
2024-02-24,2,63.9,13.378,5.555999999999997
2024-02-24,3,59.5,155.356,-18.193000000000005
2024-02-24,4,55.2,13.372,23.172999999999995
2024-02-24,5,55.39,11.875,8.909999999999997
2024-02-24,6,60.37,127.785,-286.544
2024-02-24,7,75.1,133.043,-319.176
2024-02-24,8,86.0,144.906,-422.19599999999997
2024-02-24,9,86.52342,152.251,-525.942
2024-02-24,10,86.60025,143.643,-1030.656
2024-02-24,11,80.8607,138.214,-1000.3029999999999
2024-02-24,12,64.2043,134.202,-806.905
2024-02-24,13,63.12845,140.219,-933.8050000000001
2024-02-24,14,59.41281,136.911,-1149.758
2024-02-24,15,57.62705,138.876,-902.704
2024-02-24,16,57.58837,135.621,-634.653
2024-02-24,17,79.46,125.837,-286.851
2024-02-24,18,86.26,132.247,-206.89600000000002
2024-02-24,19,103.72,133.624,-88.859
2024-02-24,20,108.63,138.79,-319.64700000000005
2024-02-24,21,93.49,144.004,-182.31300000000002
2024-02-24,22,86.14,141.676,-100.076
2024-02-24,23,80.95,61.432,10.015999999999998
2024-02-24,24,71.01,122.293,-130.31500000000003
2024-02-25,1,75.1,111.822,-419.999
2024-02-25,2,66.62,68.865,-155.999
2024-02-25,3,69.83,110.681,-219.01399999999998
2024-02-25,4,65.9,94.895,-372.615
2024-02-25,5,63.89,123.289,-356.28
2024-02-25,6,66.61,66.61,-427.097
2024-02-25,7,66.62,125.798,-413.12600000000003
2024-02-25,8,71.0,120.025,-226.171
2024-02-25,9,66.62,116.068,-67.797
2024-02-25,10,66.62,20.566,607.36
2024-02-25,11,69.91,16.589,651.408
2024-02-25,12,68.96,28.846,294.88199999999995
2024-02-25,13,72.79,137.955,-172.33100000000002
2024-02-25,14,66.61,25.26,175.736
2024-02-25,15,58.54,9.166,459.71
2024-02-25,16,66.61,-0.351,495.507
2024-02-25,17,66.85613,9.447,181.37300000000005
2024-02-25,18,82.77,-104.409,35.63499999999999
2024-02-25,19,90.44681,158.521,-435.196
2024-02-25,20,95.0,151.006,-584.563
2024-02-25,21,91.78,160.248,-84.987
2024-02-25,22,82.96,165.44,-217.92299999999997
2024-02-25,23,75.1,174.47,-104.86600000000001
2024-02-25,24,66.61,135.454,-114.834
2024-02-26,1,61.59,151.135,-127.994
2024-02-26,2,59.19,139.74,-175.207
2024-02-26,3,65.0,138.619,-154.25099999999998
2024-02-26,4,65.0,138.628,-339.356
2024-02-26,5,67.99,137.555,-456.65199999999993
2024-02-26,6,64.84,1091.212,-563.789
2024-02-26,7,83.52,130.411,-374.276
2024-02-26,8,90.25923,175.159,-381.803
2024-02-26,9,96.23269,128.608,-123.15899999999999
2024-02-26,10,92.50479,165.427,-270.98
2024-02-26,11,86.35918,133.653,-626.009
2024-02-26,12,84.86859,132.668,-818.355
2024-02-26,13,82.85,128.258,-938.6120000000001
2024-02-26,14,78.84173,126.445,-1063.588
2024-02-26,15,84.61357,135.702,-779.998
2024-02-26,16,85.4613,142.722,-782.59
2024-02-26,17,88.82591,142.447,-572.952
2024-02-26,18,93.0,145.661,-697.616
2024-02-26,19,94.76,153.177,-794.223
2024-02-26,20,95.0,153.93,-648.1170000000001
2024-02-26,21,88.72,137.323,-364.158
2024-02-26,22,84.1,135.48,-196.89899999999997
2024-02-26,23,81.46,126.709,-378.964
2024-02-26,24,73.57,136.67,-243.67700000000002
2024-02-27,1,73.52,127.512,-405.82399999999996
2024-02-27,2,69.0,112.89,-89.11800000000001
2024-02-27,3,69.0,135.811,-55.594
2024-02-27,4,69.0,56.54,14.048000000000002
2024-02-27,5,69.0,122.787,-94.001
2024-02-27,6,69.41,28.339,54.260999999999996
2024-02-27,7,83.18,141.625,-243.14200000000005
2024-02-27,8,91.24995,145.204,-769.133
2024-02-27,9,98.0,149.509,-598.337
2024-02-27,10,95.12,155.911,-524.203
2024-02-27,11,89.77032,141.314,-958.312
2024-02-27,12,86.67626,129.227,-1022.4990000000001
2024-02-27,13,81.10574,128.727,-995.127
2024-02-27,14,81.12813,127.525,-1089.0639999999999
2024-02-27,15,82.97514,134.207,-988.347
2024-02-27,16,85.16236,126.608,-437.196
2024-02-27,17,88.50257,127.852,-401.84799999999996
2024-02-27,18,97.5,136.837,-83.40299999999999
2024-02-27,19,110.25781,141.984,-351.38100000000003
2024-02-27,20,105.17,144.479,-351.24499999999995
2024-02-27,21,90.63,134.537,-375.79400000000004
2024-02-27,22,84.72,141.662,-296.01
2024-02-27,23,82.39,126.173,-140.373
2024-02-27,24,77.7,16.879,15.51400000000001
2024-02-28,1,73.21,33.431,543.633
2024-02-28,2,70.33,34.141,358.315
2024-02-28,3,68.19,30.941,290.74399999999997
2024-02-28,4,67.4,19.422,245.06
2024-02-28,5,67.4,20.106,205.074
2024-02-28,6,70.47356,42.927,262.774
2024-02-28,7,87.02,10.827,218.21499999999997
2024-02-28,8,96.55527,64.554,154.04399999999998
2024-02-28,9,104.49194,67.788,4.122
2024-02-28,10,109.22019,166.85,-378.006
2024-02-28,11,92.40906,153.412,-354.168
2024-02-28,12,87.28785,135.941,-271.40999999999997
2024-02-28,13,82.25344,129.785,-217.057
2024-02-28,14,80.53115,70.165,96.137
2024-02-28,15,83.38397,124.951,-7.798999999999996
2024-02-28,16,86.22028,65.829,428.408
2024-02-28,17,90.16424,68.999,399.341
2024-02-28,18,92.66,45.096,409.53799999999995
2024-02-28,19,98.02255,149.225,-204.42100000000002
2024-02-28,20,96.15,149.382,-531.58
2024-02-28,21,88.82,143.476,-297.47700000000003
2024-02-28,22,85.75,158.947,-107.79299999999998
2024-02-28,23,82.66,42.938,146.93400000000003
2024-02-28,24,68.2,42.608,195.218
2024-02-29,1,72.2,10.937,247.74099999999999
2024-02-29,2,62.45,13.075,315.736
2024-02-29,3,60.0,11.312,219.869
2024-02-29,4,58.60895,9.948,415.77799999999996
2024-02-29,5,62.03,10.031,314.264
2024-02-29,6,72.2,5.893,174.06100000000004
2024-02-29,7,85.18,45.803,200.02100000000002
2024-02-29,8,90.0,179.141,-5.720000000000027
2024-02-29,9,93.44321,69.757,158.264
2024-02-29,10,93.87,165.834,-151.789
2024-02-29,11,89.0,160.562,-572.249
2024-02-29,12,86.0864,156.895,-699.259
2024-02-29,13,83.62,154.372,-801.3059999999999
2024-02-29,14,83.59,153.233,-892.808
2024-02-29,15,85.31,150.248,-820.2280000000001
2024-02-29,16,89.0,149.563,-535.766
2024-02-29,17,95.0,65.044,244.37400000000002
2024-02-29,18,102.64,74.05,283.236
2024-02-29,19,108.07,156.462,-266.343
2024-02-29,20,106.1,166.203,-258.957
2024-02-29,21,95.94,166.782,-4.262000000000015
2024-02-29,22,94.0,155.528,-28.581999999999994
2024-02-29,23,90.0,69.476,226.507
2024-02-29,24,85.46,-195.265,230.048
2024-03-01,1,87.49,67.24,33.403
2024-03-01,2,84.0,129.942,-192.855
2024-03-01,3,79.1,41.184,112.614
2024-03-01,4,75.1,34.02,44.69499999999999
2024-03-01,5,77.42,55.545,77.94300000000001
2024-03-01,6,87.91,21.144,270.831
2024-03-01,7,93.27,43.982,348.635
2024-03-01,8,98.36,18.721,396.27
2024-03-01,9,114.99,65.347,320.177
2024-03-01,10,109.1,32.438,377.291
2024-03-01,11,101.0,73.041,405.071
2024-03-01,12,97.7,73.027,128.111
2024-03-01,13,90.0,67.161,260.231
2024-03-01,14,89.49,65.487,289.556
2024-03-01,15,90.91,65.107,441.527
2024-03-01,16,95.12,51.016,559.962
2024-03-01,17,100.36,38.465,589.128
2024-03-01,18,103.77,15.601,410.70900000000006
2024-03-01,19,112.4,64.939,73.31799999999998
2024-03-01,20,112.1,63.403,33.65100000000001
2024-03-01,21,100.36,45.803,188.53699999999998
2024-03-01,22,95.04,134.707,-18.774
2024-03-01,23,90.0,130.399,-0.6990000000000123
2024-03-01,24,87.84,55.761,3.276999999999987
2024-03-02,1,85.38,48.18,14.450000000000001
2024-03-02,2,79.4,139.287,-92.065
2024-03-02,3,74.97762,19.673,23.452
2024-03-02,4,76.3,128.072,-28.935000000000002
2024-03-02,5,76.3,91.193,-54.995
2024-03-02,6,80.0,133.775,-64.08600000000001
2024-03-02,7,89.98,58.593,13.134000000000007
2024-03-02,8,93.04,50.582,72.66799999999999
2024-03-02,9,93.22,61.447,258.113
2024-03-02,10,90.13,143.448,-324.441
2024-03-02,11,85.13,131.032,-447.97599999999994
2024-03-02,12,75.9,130.877,-379.98900000000003
2024-03-02,13,71.03,127.834,-316.73999999999995
2024-03-02,14,66.68,10.352,9.148000000000003
2024-03-02,15,70.0,14.415,185.582
2024-03-02,16,67.82,-0.386,42.089
2024-03-02,17,80.0,134.627,-173.77900000000002
2024-03-02,18,90.9,138.353,-212.132
2024-03-02,19,112.4,167.221,-436.621
2024-03-02,20,117.08,162.038,-450.895
2024-03-02,21,100.36,169.535,-170.17400000000004
2024-03-02,22,90.04,27.588,45.342000000000006
2024-03-02,23,84.13,134.401,-160.39
2024-03-02,24,77.0,133.617,-91.73999999999998
2024-03-03,1,79.5,129.346,-78.42899999999999
2024-03-03,2,77.1,129.285,-248.437
2024-03-03,3,79.0,152.465,-151.401
2024-03-03,4,76.1,151.212,-97.656
2024-03-03,5,76.1,151.58,-309.613
2024-03-03,6,76.92,157.877,-158.983
2024-03-03,7,78.38,142.97,-197.31900000000002
2024-03-03,8,77.0,142.208,-147.09500000000003
2024-03-03,9,70.31,145.126,-143.006
2024-03-03,10,63.95,143.218,-189.35199999999998
2024-03-03,11,65.13,0.026,192.787
2024-03-03,12,60.53483,0.0,185.895
2024-03-03,13,51.03,-0.904,454.931
2024-03-03,14,58.38,27.343,538.1039999999999
2024-03-03,15,46.83831,147.542,-91.49300000000001
2024-03-03,16,66.24,-4484.262,79.46100000000001
2024-03-03,17,70.0,141.261,-471.447
2024-03-03,18,82.38,153.28,-681.526
2024-03-03,19,92.4,147.289,-574.588
2024-03-03,20,95.0,148.265,-786.981
2024-03-03,21,91.24,146.783,-592.9159999999999
2024-03-03,22,89.5,148.932,-510.46500000000003
2024-03-03,23,82.0,136.166,-264.00300000000004
2024-03-03,24,74.0,146.345,-239.593
2024-03-04,1,73.67179,128.315,-115.28
2024-03-04,2,73.2,136.162,-29.853
2024-03-04,3,73.3,137.602,-75.43900000000001
2024-03-04,4,73.3,134.116,-26.222
2024-03-04,5,70.7,59.449,7.684000000000001
2024-03-04,6,70.8349,138.835,-25.941000000000003
2024-03-04,7,87.5,140.03,-416.748
2024-03-04,8,96.67379,158.13,-479.1
2024-03-04,9,102.97205,152.577,-743.759
2024-03-04,10,98.66,147.615,-554.326
2024-03-04,11,94.00817,146.298,-322.26800000000003
2024-03-04,12,91.53,142.3,-186.69799999999998
2024-03-04,13,87.34,46.745,88.727
2024-03-04,14,86.28,25.0,260.795
2024-03-04,15,89.87,89.87,495.76700000000005
2024-03-04,16,91.02,70.741,962.328
2024-03-04,17,93.63,72.786,680.8449999999999
2024-03-04,18,97.34,71.077,527.094
2024-03-04,19,105.18452,177.366,-121.40699999999998
2024-03-04,20,108.0,161.962,-143.32799999999997
2024-03-04,21,99.0,154.133,-61.79599999999998
2024-03-04,22,94.07,63.824,60.010000000000005
2024-03-04,23,91.2,62.769,86.78599999999999
2024-03-04,24,89.87,124.343,-51.135999999999996
2024-03-05,1,79.15,122.668,-172.644
2024-03-05,2,76.5,122.262,-70.657
2024-03-05,3,72.46,63.651,36.455
2024-03-05,4,72.46,62.917,80.416
2024-03-05,5,72.46,115.939,-67.625
2024-03-05,6,78.1,125.667,-130.02499999999998
2024-03-05,7,89.74,152.648,-112.59700000000002
2024-03-05,8,94.93663,160.208,-195.262
2024-03-05,9,97.46258,58.262,223.786
2024-03-05,10,89.91549,81.878,614.37
2024-03-05,11,83.64853,55.327,1207.811
2024-03-05,12,75.50691,64.067,1123.305
2024-03-05,13,72.6431,53.038,1013.481
2024-03-05,14,75.38452,56.236,629.042
2024-03-05,15,84.7479,69.229,392.56
2024-03-05,16,87.69411,77.151,376.907
2024-03-05,17,95.0,50.76,537.8960000000001
2024-03-05,18,101.47,78.783,382.421
2024-03-05,19,124.9,73.838,15.956999999999997
2024-03-05,20,125.69,151.061,-90.095
2024-03-05,21,104.28577,287.55,-65.885
2024-03-05,22,92.22,162.88,-32.58499999999998
2024-03-05,23,90.24,37.981,261.593
2024-03-05,24,85.0,54.706,38.706
2024-03-06,1,85.0,122.396,-5.637
2024-03-06,2,78.35,17.275,23.826000000000004
2024-03-06,3,74.22,53.372,108.445
2024-03-06,4,74.45,61.939,22.46
2024-03-06,5,75.43,59.975,71.321
2024-03-06,6,81.9,37.144,145.96099999999998
2024-03-06,7,96.55,25.02,103.661
2024-03-06,8,106.92,83.044,98.902
2024-03-06,9,113.99564,152.464,-50.80799999999999
2024-03-06,10,102.86901,148.372,-33.21799999999999
2024-03-06,11,94.39677,150.52,-273.958
2024-03-06,12,85.9812,145.455,-149.229
2024-03-06,13,78.64906,135.711,-7.660000000000025
2024-03-06,14,79.46862,42.699,13.704
2024-03-06,15,82.42082,57.143,113.72900000000001
2024-03-06,16,87.29051,46.963,561.229
2024-03-06,17,93.89,65.062,666.2239999999999
2024-03-06,18,101.26,81.711,343.754
2024-03-06,19,122.02,162.124,-282.065
2024-03-06,20,122.46,174.404,-452.606
2024-03-06,21,102.11,189.117,-481.49500000000006
2024-03-06,22,99.88,180.525,-482.33799999999997
2024-03-06,23,91.35,145.575,-397.36899999999997
2024-03-06,24,89.73,132.822,-448.32099999999997
2024-03-07,1,83.0,132.512,-284.629
2024-03-07,2,76.89,123.372,-208.38099999999997
2024-03-07,3,76.0,127.871,-179.183
2024-03-07,4,76.89,133.126,-113.298
2024-03-07,5,76.89,116.342,-162.414
2024-03-07,6,87.1,147.157,-275.207
2024-03-07,7,103.31,159.956,-378.50199999999995
2024-03-07,8,105.36735,163.278,-510.50200000000007
2024-03-07,9,108.59,155.462,-489.739
2024-03-07,10,99.21,137.504,-386.52900000000005
2024-03-07,11,91.17,112.493,-363.966
2024-03-07,12,84.67,133.679,-354.924
2024-03-07,13,78.42,138.628,-266.641
2024-03-07,14,78.7,134.584,-284.79999999999995
2024-03-07,15,84.5,135.898,-12.054000000000002
2024-03-07,16,92.62,74.937,342.07300000000004
2024-03-07,17,100.41,86.011,309.912
2024-03-07,18,103.59,75.964,183.21099999999998
2024-03-07,19,131.21,76.171,163.975
2024-03-07,20,137.47,182.337,-84.459
2024-03-07,21,118.46,77.884,19.938999999999993
2024-03-07,22,103.94,232.85,-209.451
2024-03-07,23,99.62,162.094,-174.02900000000005
2024-03-07,24,97.0,140.176,-163.79399999999998
2024-03-08,1,89.98,70.45,93.28899999999999
2024-03-08,2,83.1,133.053,-129.921
2024-03-08,3,81.33,56.311,58.013999999999996
2024-03-08,4,82.42,66.23,90.601
2024-03-08,5,83.1,74.753,20.596000000000004
2024-03-08,6,90.0,45.142,15.61999999999999
2024-03-08,7,103.48,64.83,190.38600000000002
2024-03-08,8,110.0,62.958,251.123
2024-03-08,9,128.28,57.982,594.919
2024-03-08,10,104.28,57.859,363.927
2024-03-08,11,98.15,36.82,219.661
2024-03-08,12,95.0,140.172,-101.56099999999998
2024-03-08,13,88.0,141.305,-658.987
2024-03-08,14,88.8,144.857,-742.582
2024-03-08,15,96.76,144.867,-135.622
2024-03-08,16,98.38,164.34,-34.79599999999999
2024-03-08,17,104.44,143.825,-444.42800000000005
2024-03-08,18,105.53,166.279,-743.076
2024-03-08,19,122.43,156.278,-783.844
2024-03-08,20,123.43,147.985,-342.71299999999997
2024-03-08,21,111.38745,146.886,-61.29499999999999
2024-03-08,22,99.69,160.299,-78.112
2024-03-08,23,97.5,139.073,-71.16099999999999
2024-03-08,24,94.01,136.672,-9.884
2024-03-09,1,93.12,139.336,-326.632
2024-03-09,2,90.0,133.692,-422.88100000000003
2024-03-09,3,85.0,138.048,-347.35799999999995
2024-03-09,4,82.1,137.023,-316.61400000000003
2024-03-09,5,82.0,139.606,-291.692
2024-03-09,6,84.3,133.861,-373.769
2024-03-09,7,93.0,160.381,-25.509000000000015
2024-03-09,8,97.01,145.507,-141.19
2024-03-09,9,101.16,154.21,-459.964
2024-03-09,10,99.16,150.418,-562.106
2024-03-09,11,95.0,152.77,-819.321
2024-03-09,12,90.52,148.816,-422.536
2024-03-09,13,81.0,29.965,43.12899999999999
2024-03-09,14,71.4,31.988,107.259
2024-03-09,15,72.24,120.807,-222.87800000000001
2024-03-09,16,75.0,132.915,-456.28200000000004
2024-03-09,17,90.0,42.821,6.7690000000000055
2024-03-09,18,97.09,158.729,-57.34899999999999
2024-03-09,19,115.0,171.376,-313.446
2024-03-09,20,120.94,167.267,-473.671
2024-03-09,21,101.08,157.898,-576.2879999999999
2024-03-09,22,95.55,153.471,-483.12800000000004
2024-03-09,23,93.0,146.636,-264.14000000000004
2024-03-09,24,90.0,143.894,-30.15299999999999
2024-03-10,1,84.38,129.805,-96.62499999999999
2024-03-10,2,85.0,129.572,-14.109000000000002
2024-03-10,3,82.1,128.88,-102.926
2024-03-10,4,88.88,53.718,105.607
2024-03-10,5,89.0,52.713,180.501
2024-03-10,6,89.0,131.089,-236.846
2024-03-10,7,85.0,135.204,-188.142
2024-03-10,8,88.0,137.76,-168.711
2024-03-10,9,85.0,139.272,-433.876
2024-03-10,10,70.7,143.252,-612.889
2024-03-10,11,64.12,141.987,-1047.263
2024-03-10,12,53.85445,153.575,-1632.928
2024-03-10,13,50.07548,159.094,-1499.384
2024-03-10,14,31.37821,153.588,-1073.856
2024-03-10,15,28.22321,152.632,-837.1410000000001
2024-03-10,16,45.81,11.1,122.85900000000001
2024-03-10,17,77.93,0.007,847.457
2024-03-10,18,89.0,34.316,387.51
2024-03-10,19,95.0,157.09,-303.48199999999997
2024-03-10,20,100.0,151.823,-758.8240000000001
2024-03-10,21,96.02,171.482,-590.871
2024-03-10,22,92.92,169.342,-396.14
2024-03-10,23,94.02,146.956,-147.95799999999997
2024-03-10,24,89.24,134.94,-175.554
2024-03-11,1,83.85,123.372,-233.423
2024-03-11,2,92.0,156.429,-123.426
2024-03-11,3,91.27,141.742,-70.97400000000002
2024-03-11,4,88.11,38.759,112.61100000000002
2024-03-11,5,84.78,135.938,-59.520999999999994
2024-03-11,6,82.34,137.467,-30.323999999999984
2024-03-11,7,98.36,205.821,-66.80199999999999
2024-03-11,8,104.46,51.431,63.988999999999976
2024-03-11,9,117.53,39.017,91.29399999999998
2024-03-11,10,98.02,-343.111,607.431
2024-03-11,11,95.0,44.353,1194.333
2024-03-11,12,90.87584,33.251,1394.82
2024-03-11,13,79.22661,3.885,1557.9599999999998
2024-03-11,14,81.4317,13.102,1178.092
2024-03-11,15,88.11181,34.792,907.199
2024-03-11,16,92.80914,58.396,903.4050000000001
2024-03-11,17,97.99,53.361,691.889
2024-03-11,18,100.0,68.185,246.70100000000002
2024-03-11,19,120.0,157.835,-111.16000000000003
2024-03-11,20,124.16,161.855,-25.641
2024-03-11,21,110.64,158.438,-40.16699999999997
2024-03-11,22,96.7,54.851,1.0209999999999866
2024-03-11,23,95.36,69.352,215.231
2024-03-11,24,89.99,53.216,55.054
2024-03-12,1,80.0,-4.403,416.09900000000005
2024-03-12,2,76.14,10.031,449.29699999999997
2024-03-12,3,72.3,14.786,354.616
2024-03-12,4,71.95,38.657,224.54899999999998
2024-03-12,5,71.2,34.318,232.166
2024-03-12,6,76.3,34.889,89.89099999999999
2024-03-12,7,93.57,-186.786,85.566
2024-03-12,8,95.09976,71.239,37.47699999999998
2024-03-12,9,100.40362,74.768,178.695
2024-03-12,10,93.57,70.227,239.887
2024-03-12,11,80.44381,61.556,41.94
2024-03-12,12,75.38467,68.669,181.70499999999998
2024-03-12,13,71.58201,59.534,482.267
2024-03-12,14,71.39805,38.056,612.739
2024-03-12,15,74.21627,30.797,853.86
2024-03-12,16,81.06551,36.656,608.0039999999999
2024-03-12,17,91.37297,70.399,220.652
2024-03-12,18,99.05668,149.232,-215.206
2024-03-12,19,122.39697,165.905,-294.815
2024-03-12,20,119.53231,169.25,-369.826
2024-03-12,21,102.0,172.513,-50.90499999999999
2024-03-12,22,95.0,184.649,-82.45800000000001
2024-03-12,23,93.57,68.14,177.714
2024-03-12,24,90.08,130.231,-243.87199999999999
2024-03-13,1,86.47,132.091,-32.019999999999996
2024-03-13,2,77.14,27.978,80.624
2024-03-13,3,76.41,24.192,123.352
2024-03-13,4,76.41,25.767,12.195999999999998
2024-03-13,5,77.0,8.535,142.06300000000002
2024-03-13,6,89.0,131.89,-10.349000000000004
2024-03-13,7,100.0,163.145,-395.744
2024-03-13,8,108.65,171.643,-713.8679999999999
2024-03-13,9,108.65,168.741,-389.139
2024-03-13,10,94.0,147.061,-481.647
2024-03-13,11,85.87,145.301,-1315.781
2024-03-13,12,71.9,136.287,-959.011
2024-03-13,13,70.21,-0.365,78.536
2024-03-13,14,70.0,36.398,663.1310000000001
2024-03-13,15,80.23,53.323,658.5600000000001
2024-03-13,16,89.0,63.407,572.812
2024-03-13,17,92.0,64.488,98.01699999999997
2024-03-13,18,115.0,152.293,-172.103
2024-03-13,19,119.76,155.596,-279.625
2024-03-13,20,122.04,149.571,-479.048
2024-03-13,21,105.25,62.878,8.77600000000001
2024-03-13,22,95.27,148.793,-318.89300000000003
2024-03-13,23,92.89,71.171,33.215
2024-03-13,24,91.81,126.358,-163.387
2024-03-14,1,91.83,134.406,-183.793
2024-03-14,2,90.66,129.292,-89.255
2024-03-14,3,89.44,121.02,-136.277
2024-03-14,4,88.05,116.891,-200.89000000000001
2024-03-14,5,89.0,118.011,-176.709
2024-03-14,6,91.07,128.654,-24.659999999999997
2024-03-14,7,115.66,157.175,-7.788999999999987
2024-03-14,8,116.44,53.05,201.637
2024-03-14,9,112.83575,77.24,176.854
2024-03-14,10,100.0,64.184,364.10400000000004
2024-03-14,11,89.01,60.116,592.615
2024-03-14,12,82.94,47.191,544.709
2024-03-14,13,74.16,0.63,355.25800000000004
2024-03-14,14,75.66,18.835,1114.979
2024-03-14,15,83.0,29.178,1560.655
2024-03-14,16,89.69,56.281,997.249
2024-03-14,17,93.96963,46.276,554.094
2024-03-14,18,101.63213,65.769,201.022
2024-03-14,19,114.8405,62.342,106.812
2024-03-14,20,120.63,65.991,81.56200000000001
2024-03-14,21,103.95516,34.335,311.34000000000003
2024-03-14,22,98.24565,66.736,462.534
2024-03-14,23,91.07,62.777,256.94
2024-03-14,24,90.56,58.114,326.79499999999996
2024-03-15,1,90.0,56.548,216.69
2024-03-15,2,78.23,51.332,121.38399999999999
2024-03-15,3,74.2,45.827,131.686
2024-03-15,4,74.25,71.706,77.186
2024-03-15,5,76.0,57.994,147.643
2024-03-15,6,85.0,29.309,0.2990000000000066
2024-03-15,7,95.66,63.069,354.936
2024-03-15,8,99.98,70.705,498.64400000000006
2024-03-15,9,105.0,70.403,331.67600000000004
2024-03-15,10,98.6,67.347,123.869
2024-03-15,11,89.98,130.151,-16.592
2024-03-15,12,86.14,52.271,178.628
2024-03-15,13,74.8654,32.511,428.451
2024-03-15,14,76.5,41.68,688.661
2024-03-15,15,84.37,59.559,544.486
2024-03-15,16,90.0,70.769,559.616
2024-03-15,17,92.87,67.115,153.786
2024-03-15,18,97.14,72.25,190.548
2024-03-15,19,103.48,137.943,-179.495
2024-03-15,20,107.0,161.979,-38.97900000000001
2024-03-15,21,101.73,52.367,127.26700000000001
2024-03-15,22,94.1,63.522,475.618
2024-03-15,23,90.05,68.421,583.975
2024-03-15,24,89.3,67.255,246.57800000000003
2024-03-16,1,90.43,57.413,300.384
2024-03-16,2,85.23,39.288,102.392
2024-03-16,3,80.84,38.975,68.854
2024-03-16,4,79.81,45.026,108.67599999999999
2024-03-16,5,80.0,128.618,-2.8240000000000016
2024-03-16,6,82.54,34.976,185.765
2024-03-16,7,90.43,60.922,228.243
2024-03-16,8,94.86,64.979,230.44099999999997
2024-03-16,9,94.11,32.148,347.355
2024-03-16,10,90.0,28.409,544.376
2024-03-16,11,67.97,7.933,546.2729999999999
2024-03-16,12,59.66137,9.144,1319.465
2024-03-16,13,37.16042,1.706,1104.489
2024-03-16,14,31.37687,4.473,1383.952
2024-03-16,15,36.37406,2.788,1041.854
2024-03-16,16,48.43411,5.077,291.237
2024-03-16,17,74.27763,13.605,239.73699999999997
2024-03-16,18,92.85217,48.045,250.12900000000002
2024-03-16,19,111.9066,73.939,280.36699999999996
2024-03-16,20,123.83085,153.103,-43.31500000000001
2024-03-16,21,111.27901,64.418,456.96000000000004
2024-03-16,22,98.6,67.374,646.496
2024-03-16,23,92.74,66.389,219.253
2024-03-16,24,90.36,71.241,128.64100000000002
2024-03-17,1,91.25322,56.53,14.649000000000001
2024-03-17,2,90.0,152.967,-28.956999999999987
2024-03-17,3,84.8,158.524,-54.844
2024-03-17,4,82.1,142.367,-140.912
2024-03-17,5,83.63,65.258,119.90500000000002
2024-03-17,6,85.0,46.796,1.5800000000000018
2024-03-17,7,85.0,31.667,65.553
2024-03-17,8,87.97,10.164,330.092
2024-03-17,9,75.0,22.874,297.244
2024-03-17,10,54.0,134.851,-109.74900000000001
2024-03-17,11,39.2,132.708,-181.849
2024-03-17,12,34.78,147.622,-70.374
2024-03-17,13,37.7121,149.529,-9.270999999999994
2024-03-17,14,29.35609,5.186,604.881
2024-03-17,15,40.0,0.656,163.87599999999998
2024-03-17,16,51.72456,140.77,-2.5670000000000073
2024-03-17,17,70.82,146.612,-35.733
2024-03-17,18,95.0,48.561,429.539
2024-03-17,19,105.0,53.151,245.52299999999997
2024-03-17,20,113.77973,145.935,-114.99100000000001
2024-03-17,21,109.32181,64.718,206.19099999999997
2024-03-17,22,101.9323,69.004,168.74200000000002
2024-03-17,23,95.77913,61.062,66.675
2024-03-17,24,89.77902,54.825,34.62299999999999
2024-03-18,1,82.1,20.636,129.374
2024-03-18,2,75.7,32.899,205.197
2024-03-18,3,72.07,29.404,227.099
2024-03-18,4,69.77,16.75,137.535
2024-03-18,5,63.07,18.29,100.60200000000002
2024-03-18,6,68.4,2.646,70.67900000000003
2024-03-18,7,95.6,65.708,237.04799999999997
2024-03-18,8,100.57,70.224,200.042
2024-03-18,9,110.0,36.321,84.55
2024-03-18,10,101.78,69.92,239.978
2024-03-18,11,94.7,140.444,-251.32
2024-03-18,12,90.87259,141.387,-577.2009999999999
2024-03-18,13,83.50858,133.782,-595.1020000000001
2024-03-18,14,85.24141,139.107,-487.921
2024-03-18,15,92.32085,141.646,-125.12200000000001
2024-03-18,16,96.7,71.387,130.824
2024-03-18,17,102.67,67.542,187.31300000000002
2024-03-18,18,102.83,73.086,58.74
2024-03-18,19,113.91,152.942,-398.24199999999996
2024-03-18,20,125.16,55.793,32.508999999999986
2024-03-18,21,107.46,51.935,215.046
2024-03-18,22,97.0,71.541,415.82
2024-03-18,23,94.7,70.483,209.91000000000003
2024-03-18,24,92.92,49.841,295.00699999999995
2024-03-19,1,90.94,71.011,235.05900000000003
2024-03-19,2,82.5,72.016,18.707
2024-03-19,3,82.1,39.167,139.887
2024-03-19,4,85.3,64.231,199.779
2024-03-19,5,92.0,66.621,202.114
2024-03-19,6,94.6,71.166,159.24099999999999
2024-03-19,7,103.87,70.825,271.92299999999994
2024-03-19,8,109.88868,72.933,127.214
2024-03-19,9,108.41,142.586,-473.057
2024-03-19,10,97.99,164.28,-905.51
2024-03-19,11,89.03,168.484,-983.568
2024-03-19,12,78.9,145.104,-891.4079999999999
2024-03-19,13,64.13,133.918,-1002.7599999999999
2024-03-19,14,65.0,131.679,-704.3969999999999
2024-03-19,15,75.25,121.161,-200.743
2024-03-19,16,80.29,27.839,149.69600000000003
2024-03-19,17,94.46,70.392,5.0260000000000105
2024-03-19,18,102.02,59.141,10.879000000000005
2024-03-19,19,124.7,201.158,-364.71500000000003
2024-03-19,20,128.96006,192.682,-139.687
2024-03-19,21,110.0,62.064,35.541
2024-03-19,22,98.23,22.243,105.29500000000002
2024-03-19,23,94.77,45.28,197.52800000000002
2024-03-19,24,94.46,74.318,172.907
2024-03-20,1,91.46,29.074,10.429000000000002
2024-03-20,2,85.1,14.127,114.386
2024-03-20,3,84.5,62.485,104.415
2024-03-20,4,85.1,67.942,63.098
2024-03-20,5,85.1,124.716,-70.155
2024-03-20,6,94.62,133.094,-166.77200000000002
2024-03-20,7,107.07,135.528,-195.50599999999997
2024-03-20,8,120.0,144.883,-406.043
2024-03-20,9,105.0,153.082,-644.1759999999999
2024-03-20,10,102.65,154.291,-557.076
2024-03-20,11,95.19,146.178,-454.655
2024-03-20,12,83.11173,136.989,-161.289
2024-03-20,13,68.0,141.232,-0.9159999999999826
2024-03-20,14,74.0,26.185,26.900000000000006
2024-03-20,15,84.14211,52.052,598.149
2024-03-20,16,94.18,54.148,579.3679999999999
2024-03-20,17,99.19,73.642,195.969
2024-03-20,18,117.02,174.167,-65.417
2024-03-20,19,145.0,198.206,-39.545
2024-03-20,20,156.39,183.995,-2.2590000000000074
2024-03-20,21,125.35735,188.566,-92.527
2024-03-20,22,105.79,76.198,17.095
2024-03-20,23,100.9,141.407,-199.20399999999998
2024-03-20,24,98.22,72.166,67.356
2024-03-21,1,95.8,136.823,-90.84899999999999
2024-03-21,2,90.0,138.719,-147.09399999999997
2024-03-21,3,85.0,134.373,-187.30899999999997
2024-03-21,4,85.1,131.032,-140.40800000000002
2024-03-21,5,85.1,135.445,-186.733
2024-03-21,6,95.0,138.534,-160.011
2024-03-21,7,105.0,147.912,-32.72799999999998
2024-03-21,8,115.0,70.887,311.629
2024-03-21,9,115.0,69.269,678.8140000000001
2024-03-21,10,99.49,66.153,626.2529999999999
2024-03-21,11,92.28,62.472,447.29200000000003
2024-03-21,12,83.1,126.727,-46.3
2024-03-21,13,76.82649,13.088,420.0179999999999
2024-03-21,14,70.38,11.159,16.61500000000001
2024-03-21,15,85.1,133.003,-59.340999999999994
2024-03-21,16,91.65,52.863,139.662
2024-03-21,17,95.6,59.191,384.35400000000004
2024-03-21,18,99.89,72.608,13.788000000000004
2024-03-21,19,121.89,71.2,108.04500000000002
2024-03-21,20,122.00578,70.328,107.233
2024-03-21,21,104.89,153.682,-106.09700000000001
2024-03-21,22,97.5,131.737,-17.614000000000004
2024-03-21,23,95.0,72.85,136.357
2024-03-21,24,91.5,69.814,261.289
2024-03-22,1,92.01,68.359,259.254
2024-03-22,2,88.1,62.407,221.327
2024-03-22,3,87.13,62.369,213.57299999999998
2024-03-22,4,87.44,62.592,280.851
2024-03-22,5,88.1,63.918,307.43
2024-03-22,6,92.5,67.811,229.562
2024-03-22,7,101.68,68.259,381.03600000000006
2024-03-22,8,105.0,68.141,513.188
2024-03-22,9,109.0,69.407,489.817
2024-03-22,10,97.17,67.487,146.311
2024-03-22,11,92.01,56.87,218.1
2024-03-22,12,85.81924,55.89,801.103
2024-03-22,13,76.62681,43.54,1389.5259999999998
2024-03-22,14,74.47011,47.854,1067.444
2024-03-22,15,85.1,57.837,785.284
2024-03-22,16,92.01,45.269,533.037
2024-03-22,17,95.21,134.344,-239.731
2024-03-22,18,100.96,67.888,179.002
2024-03-22,19,110.85908,110.859,156.295
2024-03-22,20,113.4657,70.418,325.83500000000004
2024-03-22,21,103.74,71.045,235.845
2024-03-22,22,98.16,70.153,148.99599999999998
2024-03-22,23,95.78,68.035,130.249
2024-03-22,24,94.34,51.791,1.6100000000000136
2024-03-23,1,95.05,68.28,68.12299999999999
2024-03-23,2,93.5,66.379,77.016
2024-03-23,3,94.06,137.264,-30.249000000000002
2024-03-23,4,94.39,135.264,-271.764
2024-03-23,5,95.08,128.55,-238.122
2024-03-23,6,96.25,133.825,-243.691
2024-03-23,7,97.25,135.935,-34.859
2024-03-23,8,95.0,50.397,374.994
2024-03-23,9,90.0,56.034,602.1880000000001
2024-03-23,10,81.69,32.783,403.35699999999997
2024-03-23,11,74.43884,13.076,785.867
2024-03-23,12,63.24,0.147,939.276
2024-03-23,13,45.0,1.709,636.94
2024-03-23,14,31.02793,12.116,312.7
2024-03-23,15,36.05597,19.379,342.27
2024-03-23,16,54.2735,145.652,-56.823
2024-03-23,17,54.77377,11.98,151.80100000000002
2024-03-23,18,80.0,38.231,216.491
2024-03-23,19,102.02,67.659,188.612
2024-03-23,20,109.0,182.979,-266.127
2024-03-23,21,97.0,184.272,-92.125
2024-03-23,22,93.79,130.926,-31.34599999999999
2024-03-23,23,87.0,63.245,143.24099999999999
2024-03-23,24,80.0,52.499,177.24900000000002
2024-03-24,1,84.0,58.303,427.334
2024-03-24,2,78.02881,44.728,417.00699999999995
2024-03-24,3,75.0,7.787,386.29299999999995
2024-03-24,4,63.0,1.175,609.749
2024-03-24,5,71.35,0.697,442.396
2024-03-24,6,75.0,0.087,428.466
2024-03-24,7,75.0,13.734,639.237
2024-03-24,8,50.55502,16.846,824.163
2024-03-24,9,39.99,18.779,928.285
2024-03-24,10,15.00423,9.442,1405.989
2024-03-24,11,5.0,5.0,1334.772
2024-03-24,12,1.88959,1.88959,1656.114
2024-03-24,13,9.33157,0.496,1648.605
2024-03-24,14,0.61999,0.61999,1647.314
2024-03-24,15,13.32428,0.0,1164.193
2024-03-24,16,9.5035,0.534,970.488
2024-03-24,17,47.01856,0.0,582.241
2024-03-24,18,72.52436,54.791,726.7460000000001
2024-03-24,19,92.72573,53.632,515.5010000000001
2024-03-24,20,95.47,149.722,-202.173
2024-03-24,21,95.0,65.881,26.927000000000007
2024-03-24,22,94.84,174.422,-51.36800000000001
2024-03-24,23,91.66,66.732,21.808999999999983
2024-03-24,24,80.0,64.573,21.676000000000016
2024-03-25,1,91.0,64.736,64.95400000000001
2024-03-25,2,90.0,63.575,265.707
2024-03-25,3,90.0,62.916,214.47899999999998
2024-03-25,4,90.0,57.507,37.177
2024-03-25,5,90.0,129.479,-74.438
2024-03-25,6,93.85,120.047,-11.018
2024-03-25,7,106.42,33.535,109.51399999999997
2024-03-25,8,115.0,69.138,529.448
2024-03-25,9,110.0,70.391,1069.194
2024-03-25,10,97.73,67.112,1057.131
2024-03-25,11,93.64,60.734,980.722
2024-03-25,12,87.1,57.467,488.03099999999995
2024-03-25,13,69.68,49.944,192.77500000000003
2024-03-25,14,78.0,154.553,-429.85
2024-03-25,15,93.0,134.092,-614.1880000000001
2024-03-25,16,96.78,133.344,-602.061
2024-03-25,17,100.52,146.216,-422.348
2024-03-25,18,106.18,68.264,222.101
2024-03-25,19,130.0,172.821,-185.155
2024-03-25,20,145.0,192.009,-279.2
2024-03-25,21,113.11,69.329,113.775
2024-03-25,22,100.36,66.306,425.709
2024-03-25,23,94.5,65.398,371.661
2024-03-25,24,90.34,47.052,110.17600000000002
2024-03-26,1,83.95,200.259,-158.387
2024-03-26,2,79.5,54.203,169.02300000000002
2024-03-26,3,79.15,55.385,63.161
2024-03-26,4,82.29,139.189,-273.972
2024-03-26,5,83.22,42.012,634.762
2024-03-26,6,89.26,132.63,-238.065
2024-03-26,7,96.0,26.45,565.9419999999999
2024-03-26,8,109.67,59.35,380.542
2024-03-26,9,119.84081,84.0,338.17699999999996
2024-03-26,10,118.36,191.624,-486.80899999999997
2024-03-26,11,107.62309,193.236,-826.229
2024-03-26,12,103.23978,179.29,-1300.206
2024-03-26,13,98.0,183.751,-1496.0369999999998
2024-03-26,14,98.98867,191.498,-234.294
2024-03-26,15,101.34476,172.233,-1036.838
2024-03-26,16,103.55641,74.328,21.861000000000008
2024-03-26,17,104.12,181.789,-161.204
2024-03-26,18,101.9,191.758,-1006.649
2024-03-26,19,108.36,189.231,-1192.625
2024-03-26,20,114.77,176.439,-464.023
2024-03-26,21,104.13,144.216,-562.891
2024-03-26,22,98.67,79.156,106.309
2024-03-26,23,94.93,139.075,-648.54
2024-03-26,24,90.0,127.989,-161.022
2024-03-27,1,90.1,144.145,-573.509
2024-03-27,2,80.56,133.088,-304.17199999999997
2024-03-27,3,78.9,140.832,-272.327
2024-03-27,4,78.9,126.542,-252.71
2024-03-27,5,78.9,127.844,-286.25199999999995
2024-03-27,6,88.0,129.596,-928.446
2024-03-27,7,98.0,70.388,10.45700000000005
2024-03-27,8,110.54,140.792,-987.36
2024-03-27,9,121.0,169.738,-1519.782
2024-03-27,10,116.57406,178.494,-878.5319999999999
2024-03-27,11,109.24886,185.658,-788.73
2024-03-27,12,99.61725,174.935,-759.459
2024-03-27,13,91.19404,163.577,-868.4150000000001
2024-03-27,14,91.41357,56.905,624.465
2024-03-27,15,93.38013,145.476,-640.741
2024-03-27,16,94.76112,147.011,-688.2420000000001
2024-03-27,17,94.95914,71.218,686.212
2024-03-27,18,99.366,72.154,455.615
2024-03-27,19,115.91336,72.219,153.541
2024-03-27,20,117.38211,71.556,258.60499999999996
2024-03-27,21,103.05,151.468,-286.33199999999994
2024-03-27,22,98.73,143.427,-21.24000000000001
2024-03-27,23,90.1,132.1,-564.9159999999999
2024-03-27,24,78.9,128.578,-5.175999999999988
2024-03-28,1,78.35,48.132,579.9970000000001
2024-03-28,2,75.85,35.795,60.400000000000006
2024-03-28,3,78.35,23.509,135.051
2024-03-28,4,78.35,35.841,384.451
2024-03-28,5,74.93,30.539,403.892
2024-03-28,6,76.99377,10.233,370.317
2024-03-28,7,94.73534,139.549,-753.722
2024-03-28,8,99.37681,139.663,-847.684
2024-03-28,9,101.81,140.394,-570.441
2024-03-28,10,92.33297,162.792,-1204.962
2024-03-28,11,87.05976,171.049,-1894.1100000000001
2024-03-28,12,84.95578,177.193,-1723.692
2024-03-28,13,73.8964,193.719,-1615.207
2024-03-28,14,74.15855,178.124,-779.709
2024-03-28,15,76.0719,162.245,-929.562
2024-03-28,16,78.34033,151.829,-1760.556
2024-03-28,17,93.78651,141.405,-142.33800000000002
2024-03-28,18,100.0,74.265,210.031
2024-03-28,19,111.68,164.625,-342.117
2024-03-28,20,115.63,181.921,-612.501
2024-03-28,21,110.0,147.991,-316.63100000000003
2024-03-28,22,100.85,137.739,-562.423
2024-03-28,23,92.33,132.687,-261.6
2024-03-28,24,85.0,182.06,-105.63899999999998
2024-03-29,1,74.83,126.828,-333.187
2024-03-29,2,70.0,162.041,-502.602
2024-03-29,3,73.59,200.955,-97.17300000000002
2024-03-29,4,72.4,20.99,343.96299999999997
2024-03-29,5,71.49,18.919,482.44100000000003
2024-03-29,6,79.8,197.073,-125.41700000000002
2024-03-29,7,98.7,49.212,119.191
2024-03-29,8,103.23,137.924,-308.98400000000004
2024-03-29,9,106.0,153.306,-826.9929999999999
2024-03-29,10,100.28,183.865,-1481.616
2024-03-29,11,95.76176,202.6,-827.1690000000001
2024-03-29,12,88.391,70.752,480.25100000000003
2024-03-29,13,78.0,129.056,-354.492
2024-03-29,14,78.50346,68.241,114.993
2024-03-29,15,87.19296,61.238,1212.984
2024-03-29,16,91.81673,66.727,1506.0369999999998
2024-03-29,17,98.8,0.0,1157.461
2024-03-29,18,100.63,155.021,-116.07900000000001
2024-03-29,19,110.0,161.206,-337.608
2024-03-29,20,116.29,111.156,113.042
2024-03-29,21,110.05,71.399,227.579
2024-03-29,22,100.63,181.515,-351.751
2024-03-29,23,96.05,144.361,-59.137
2024-03-29,24,89.46,72.552,383.932
2024-03-30,1,97.91,180.513,-270.488
2024-03-30,2,97.84,143.776,-269.815
2024-03-30,3,97.91,53.893,120.508
2024-03-30,4,95.0,50.062,230.21499999999997
2024-03-30,5,95.0,49.277,155.774
2024-03-30,6,97.84,36.866,369.25699999999995
2024-03-30,7,95.84,29.766,234.983
2024-03-30,8,98.49,175.239,-370.29
2024-03-30,9,95.0,145.755,-311.791
2024-03-30,10,80.0,179.992,-709.3539999999999
2024-03-30,11,47.6512,180.803,-466.37100000000004
2024-03-30,12,25.75411,175.669,-65.29499999999999
2024-03-30,13,24.0618,24.0618,3.3689999999999998
2024-03-30,14,23.13211,0.08,450.21000000000004
2024-03-30,15,11.39528,0.01,295.069
2024-03-30,16,24.70756,170.404,-335.43699999999995
2024-03-30,17,68.0,29.186,48.164999999999985
2024-03-30,18,91.46,11.937,854.692
2024-03-30,19,95.0,177.013,-127.05599999999998
2024-03-30,20,101.98,198.329,-350.548
2024-03-30,21,99.09,151.886,-93.038
2024-03-30,22,95.0,158.971,-639.048
2024-03-30,23,95.0,171.887,-344.13700000000006
2024-03-30,24,89.45,23.552,202.76999999999998
2024-03-31,1,93.77,142.491,-933.7969999999999
2024-03-31,2,95.0,163.858,-469.05699999999996
2024-03-31,4,95.24,157.503,-934.129
2024-03-31,5,95.0,14.565,155.901
2024-03-31,6,95.46,24.426,315.63300000000004
2024-03-31,7,95.52,165.735,-337.156
2024-03-31,8,96.38,24.783,0.9860000000000042
2024-03-31,9,96.38,153.054,-707.13
2024-03-31,10,94.07,159.623,-778.96
2024-03-31,11,91.02,161.039,-609.3679999999999
2024-03-31,12,74.99638,150.522,-661.9590000000001
2024-03-31,13,50.56283,169.62,-772.584
2024-03-31,14,32.78476,14.817,1233.137
2024-03-31,15,2.20053,2.20053,1457.432
2024-03-31,16,8.88454,0.023,2422.828
2024-03-31,17,59.0,0.298,2665.359
2024-03-31,18,95.52,46.385,1956.3220000000001
2024-03-31,19,102.94,198.136,-129.15
2024-03-31,20,124.02,67.48,463.88899999999995
2024-03-31,21,134.9,54.526,18.247
2024-03-31,22,127.34,68.219,410.884
2024-03-31,23,111.2,67.725,15.551000000000002
2024-03-31,24,99.44,69.403,43.456
2024-04-01,1,90.84,63.001,319.347
2024-04-01,2,90.0,61.206,35.96300000000001
2024-04-01,3,87.67,56.561,103.497
2024-04-01,4,85.67,188.608,-23.123
2024-04-01,5,87.26,171.274,-54.751999999999995
2024-04-01,6,85.61,173.342,-45.553999999999995
2024-04-01,7,87.61,144.877,-371.86
2024-04-01,8,87.67,154.78,-206.022
2024-04-01,9,86.55,166.973,-298.695
2024-04-01,10,87.07,170.964,-298.077
2024-04-01,11,71.35161,128.581,-430.01
2024-04-01,12,41.51275,140.488,-776.1479999999999
2024-04-01,13,18.74783,138.174,-712.158
2024-04-01,14,0.71091,138.878,-355.36
2024-04-01,15,3.09048,3.09048,251.964
2024-04-01,16,4.12191,4.12191,355.786
2024-04-01,17,29.23278,129.157,-57.382999999999996
2024-04-01,18,83.30383,34.36,190.21699999999998
2024-04-01,19,88.7018,137.082,-255.635
2024-04-01,20,90.08,142.112,-196.342
2024-04-01,21,90.38,123.304,-407.008
2024-04-01,22,80.18,198.199,-34.010999999999996
2024-04-01,23,78.61,10.543,111.33200000000001
2024-04-01,24,77.9,159.703,-9.682999999999993
2024-04-02,1,65.29,15.986,388.801
2024-04-02,2,65.86,9.439,524.409
2024-04-02,3,60.0,14.639,675.77
2024-04-02,4,46.13,20.622,729.386
2024-04-02,5,50.0,20.686,567.357
2024-04-02,6,69.95,38.363,486.33500000000004
2024-04-02,7,87.6,144.309,-198.47
2024-04-02,8,95.0,170.1,-616.135
2024-04-02,9,102.92,173.018,-938.3909999999998
2024-04-02,10,94.37,58.125,142.238
2024-04-02,11,87.1,36.896,914.324
2024-04-02,12,74.07,8.922,1974.5680000000002
2024-04-02,13,44.12234,15.638,2738.6
2024-04-02,14,35.76733,11.488,3104.8379999999997
2024-04-02,15,42.74096,10.452,2823.0869999999995
2024-04-02,16,44.60227,11.531,2522.283
2024-04-02,17,68.27,13.089,2349.582
2024-04-02,18,82.55,13.041,2294.9700000000003
2024-04-02,19,101.56,20.845,1695.22
2024-04-02,20,120.0,49.269,93.821
2024-04-02,21,119.17,194.574,-544.4929999999999
2024-04-02,22,102.0,51.368,14.747000000000014
2024-04-02,23,90.11,62.188,322.805
2024-04-02,24,87.86,61.118,357.015
2024-04-03,1,85.54,30.095,424.14
2024-04-03,2,73.79,32.663,290.695
2024-04-03,3,71.7,28.341,487.256
2024-04-03,4,72.45,15.051,682.318
2024-04-03,5,78.83,14.823,506.21
2024-04-03,6,87.43,26.127,246.09799999999998
2024-04-03,7,106.44,60.714,734.8660000000001
2024-04-03,8,125.0,66.997,671.261
2024-04-03,9,147.81851,62.157,680.4599999999999
2024-04-03,10,131.78038,67.341,135.745
2024-04-03,11,106.09278,67.413,345.39599999999996
2024-04-03,12,93.54367,65.69,493.54999999999995
2024-04-03,13,86.96,43.671,891.894
2024-04-03,14,79.34013,13.126,926.9669999999999
2024-04-03,15,81.92348,22.433,1065.95
2024-04-03,16,84.89456,27.301,1273.358
2024-04-03,17,87.43,41.608,604.839
2024-04-03,18,90.1,51.598,521.336
2024-04-03,19,101.46029,58.009,924.5070000000001
2024-04-03,20,125.0,66.974,723.8729999999999
2024-04-03,21,113.62,65.349,334.052
2024-04-03,22,95.0,64.431,281.986
2024-04-03,23,90.0,56.446,186.02800000000002
2024-04-03,24,87.2,29.533,180.987
2024-04-04,1,68.1,23.038,157.664
2024-04-04,2,60.0,123.436,-62.81200000000001
2024-04-04,3,56.91,123.363,-17.785000000000004
2024-04-04,4,57.72,123.045,-169.56
2024-04-04,5,61.95,30.454,157.087
2024-04-04,6,70.59,26.684,48.24700000000004
2024-04-04,7,87.86,144.007,-455.534
2024-04-04,8,94.75,147.29,-290.043
2024-04-04,9,105.21,147.613,-284.402
2024-04-04,10,91.64446,143.812,-250.331
2024-04-04,11,81.65,122.603,-38.291
2024-04-04,12,69.0,35.177,131.852
2024-04-04,13,51.92593,43.7,138.82
2024-04-04,14,50.59463,17.83,80.111
2024-04-04,15,58.99364,39.721,323.792
2024-04-04,16,69.18,26.867,817.301
2024-04-04,17,78.0,28.415,958.939
2024-04-04,18,84.18,51.48,950.3499999999999
2024-04-04,19,92.7,57.435,516.004
2024-04-04,20,110.0,65.924,116.34899999999999
2024-04-04,21,101.03,166.788,-380.616
2024-04-04,22,92.7,176.34,-155.57999999999998
2024-04-04,23,88.06,59.966,86.90299999999999
2024-04-04,24,87.0,58.719,34.00500000000001
2024-04-05,1,77.46,51.839,27.458000000000002
2024-04-05,2,70.7,34.563,0.1390000000000029
2024-04-05,3,69.25,20.005,119.032
2024-04-05,4,68.42,21.741,58.465
2024-04-05,5,67.8,111.064,-80.71900000000001
2024-04-05,6,77.3,116.259,-145.678
2024-04-05,7,88.71,155.917,-273.911
2024-04-05,8,95.0,1.195,53.587999999999994
2024-04-05,9,104.3,51.973,104.055
2024-04-05,10,87.58,65.146,395.76800000000003
2024-04-05,11,79.3,50.648,603.985
2024-04-05,12,65.23,43.699,343.28999999999996
2024-04-05,13,50.0,20.593,706.385
2024-04-05,14,50.0,11.632,873.4649999999999
2024-04-05,15,54.75,15.095,714.8940000000001
2024-04-05,16,61.97,31.085,755.7520000000001
2024-04-05,17,75.7,39.901,492.651
2024-04-05,18,84.45,33.312,309.24399999999997
2024-04-05,19,91.31,34.615,4.369
2024-04-05,20,105.42,170.248,-195.638
2024-04-05,21,105.42504,184.306,-308.197
2024-04-05,22,90.61261,51.313,20.838000000000008
2024-04-05,23,86.52,60.738,143.187
2024-04-05,24,85.02421,60.106,120.721
2024-04-06,1,83.74,163.638,-349.787
2024-04-06,2,83.55,166.409,-167.949
2024-04-06,3,82.8,183.596,-388.784
2024-04-06,4,81.46,180.317,-451.54100000000005
2024-04-06,5,80.90811,164.07,-459.259
2024-04-06,6,82.1,160.13,-451.6669999999999
2024-04-06,7,84.51,155.776,-255.208
2024-04-06,8,89.46,156.531,-197.3
2024-04-06,9,83.68,170.294,-208.202
2024-04-06,10,71.07,172.1,-503.76300000000003
2024-04-06,11,50.0,169.495,-161.72800000000007
2024-04-06,12,54.52,21.8,278.016
2024-04-06,13,60.0,11.915,395.392
2024-04-06,14,45.5,6.198,646.118
2024-04-06,15,36.44,2.678,947.739
2024-04-06,16,29.6,1.634,1133.579
2024-04-06,17,39.0,1.189,1299.813
2024-04-06,18,64.77,4.325,641.0129999999999
2024-04-06,19,83.86,30.447,195.46100000000004
2024-04-06,20,93.87798,184.853,-566.058
2024-04-06,21,98.24949,185.206,-423.389
2024-04-06,22,91.32,39.085,226.523
2024-04-06,23,83.95528,183.811,-56.535999999999994
2024-04-06,24,83.55,39.935,12.575999999999993
2024-04-07,1,83.5,177.138,-106.21700000000003
2024-04-07,2,80.46,21.091,49.43799999999999
2024-04-07,3,78.7,145.899,-0.12599999999999412
2024-04-07,4,72.44,24.963,410.236
2024-04-07,5,70.1,27.217,432.81499999999994
2024-04-07,6,70.1,167.375,-60.888000000000005
2024-04-07,7,75.0,28.75,45.598
2024-04-07,8,69.46,17.39,47.896
2024-04-07,9,63.68,17.097,70.61500000000001
2024-04-07,10,75.61,141.456,-575.478
2024-04-07,11,37.0,143.495,-683.6680000000001
2024-04-07,12,30.0,141.083,-211.24499999999998
2024-04-07,13,7.01,6.804,1007.438
2024-04-07,14,0.1,0.1,1651.0320000000002
2024-04-07,15,1.0,0.878,1485.482
2024-04-07,16,4.54,0.053,620.356
2024-04-07,17,37.0,147.523,-377.871
2024-04-07,18,62.1,126.785,-125.36699999999999
2024-04-07,19,87.0,22.769,86.40599999999998
2024-04-07,20,98.69,183.574,-297.31899999999996
2024-04-07,21,100.85,172.813,-614.4960000000001
2024-04-07,22,85.85,177.903,-33.458
2024-04-07,23,85.48,33.724,317.373
2024-04-07,24,80.46,20.225,328.615
2024-04-08,1,69.74,13.365,74.511
2024-04-08,2,65.27404,133.748,-9.598000000000006
2024-04-08,3,62.40925,135.525,-28.266999999999996
2024-04-08,4,64.18852,18.957,127.256
2024-04-08,5,67.66,27.009,49.120999999999995
2024-04-08,6,74.94,27.721,226.375
2024-04-08,7,90.1,62.103,94.30199999999999
2024-04-08,8,121.8,59.919,183.423
2024-04-08,9,112.99,59.046,382.815
2024-04-08,10,88.73,60.365,675.502
2024-04-08,11,75.6,136.381,-76.781
2024-04-08,12,59.45,130.454,-14.730999999999995
2024-04-08,13,29.99,8.186,347.997
2024-04-08,14,27.43,1.863,649.2410000000001
2024-04-08,15,46.8,6.209,745.6309999999999
2024-04-08,16,57.9,7.556,559.7389999999999
2024-04-08,17,70.0,15.139,426.375
2024-04-08,18,80.46,19.737,48.644999999999996
2024-04-08,19,92.54,41.516,331.888
2024-04-08,20,121.75,20.752,324.175
2024-04-08,21,120.0,187.686,-446.19999999999993
2024-04-08,22,97.88,177.839,-140.235
2024-04-08,23,90.0,60.088,58.902
2024-04-08,24,86.23,130.484,-78.58000000000001
2024-04-09,1,75.77821,10.394,44.12
2024-04-09,2,69.5,126.251,-96.582
2024-04-09,3,63.87,135.042,-106.652
2024-04-09,4,64.28,123.011,-21.234
2024-04-09,5,63.5,126.956,-54.153
2024-04-09,6,73.24,16.318,66.78799999999998
2024-04-09,7,89.09,167.221,-10.540000000000049
2024-04-09,8,102.0,144.574,-67.72999999999999
2024-04-09,9,117.76,35.35,49.769000000000005
2024-04-09,10,90.1,60.036,159.978
2024-04-09,11,86.23,51.832,335.28700000000003
2024-04-09,12,76.4,137.983,-123.19700000000002
2024-04-09,13,53.0,128.126,-515.0070000000001
2024-04-09,14,50.0,127.513,-361.289
2024-04-09,15,53.0,116.515,-157.99
2024-04-09,16,61.0,114.783,-283.174
2024-04-09,17,78.71,29.664,3.0690000000000026
2024-04-09,18,80.7,126.432,-89.176
2024-04-09,19,90.0,166.007,-365.13700000000006
2024-04-09,20,105.13,178.722,-362.23199999999997
2024-04-09,21,104.22,183.833,-673.2900000000001
2024-04-09,22,90.0,180.686,-34.215
2024-04-09,23,85.02,56.616,262.334
2024-04-09,24,78.34,132.074,-13.516999999999996
2024-04-10,1,71.9,37.472,109.816
2024-04-10,2,63.22,132.263,-30.832000000000008
2024-04-10,3,58.55,5.046,171.275
2024-04-10,4,55.4,128.477,-35.205
2024-04-10,5,56.5,0.584,134.29000000000002
2024-04-10,6,61.68,2.904,25.060999999999993
2024-04-10,7,87.87,12.296,500.50600000000003
2024-04-10,8,107.55,68.759,212.71100000000004
2024-04-10,9,125.0,61.727,68.981
